item,itemID,type,choices,complexity_category,definition
ahah,item_1,ANIMALS (Real or toy),produces; doesn't produce,,ahah
baabaa,item_2,ANIMALS (Real or toy),produces; doesn't produce,,baabaa
bowwow,item_3,ANIMALS (Real or toy),produces; doesn't produce,,bowwow
choochoo,item_4,CLOTHES,produces; doesn't produce,,choochoo
cockadoodledoo,item_5,CLOTHES,produces; doesn't produce,,cockadoodledoo
grr,item_6,ANIMALS (Real or toy),produces; doesn't produce,,grr
meow,item_7,ANIMALS (Real or toy),produces; doesn't produce,,meow
moo,item_8,ANIMALS (Real or toy),produces; doesn't produce,,moo
ouch,item_9,OUTSIDE THINGS,produces; doesn't produce,,ouch
quackquack,item_10,ANIMALS (Real or toy),produces; doesn't produce,,quackquack
uhoh,item_11,ANIMALS (Real or toy),produces; doesn't produce,,uhoh
vroom,item_12,VEHICLES (Real or toy),produces; doesn't produce,,vroom
yumyum,item_13,ANIMALS (Real or toy),produces; doesn't produce,,yumyum
ainmhí,item_14,ANIMALS (Real or toy),produces; doesn't produce,,ainmhí
animal,item_15,ANIMALS (Real or toy),produces; doesn't produce,,animal
asal,item_16,ANIMALS (Real or toy),produces; doesn't produce,,asal
donkey,item_17,OUTSIDE THINGS,produces; doesn't produce,,donkey
beach,item_18,ANIMALS (Real or toy),produces; doesn't produce,,beach
bee,item_19,ANIMALS (Real or toy),produces; doesn't produce,,bee
bear,item_20,ANIMALS (Real or toy),produces; doesn't produce,,bear_béir
bó,item_21,OUTSIDE THINGS,produces; doesn't produce,,bó
cow,item_22,CLOTHES,produces; doesn't produce,,cow
bóindé,item_23,OUTSIDE THINGS,produces; doesn't produce,,bóindé
ladybird,item_24,ANIMALS (Real or toy),produces; doesn't produce,,ladybird
caora,item_25,CLOTHES,produces; doesn't produce,,caora
sheep,item_26,SMALL HOUSEHOLD ITEMS,produces; doesn't produce,,sheep
capallín,item_27,CLOTHES,produces; doesn't produce,,capallín
pony,item_28,OUTSIDE THINGS,produces; doesn't produce,,pony
capall,item_29,CLOTHES,produces; doesn't produce,,capall
horse,item_30,OUTSIDE THINGS,produces; doesn't produce,,horse
catie,item_31,CLOTHES,produces; doesn't produce,,catie
cearc,item_32,CLOTHES,produces; doesn't produce,,cearc
hen,item_33,ANIMALS (Real or toy),produces; doesn't produce,,hen
coileach,item_34,CLOTHES,produces; doesn't produce,,coileach
cock,item_35,CLOTHES,produces; doesn't produce,,cock
coileán,item_36,CLOTHES,produces; doesn't produce,,coileán
puppy,item_37,ANIMALS (Real or toy),produces; doesn't produce,,puppy
coinín,item_38,CLOTHES,produces; doesn't produce,,coinín
rabbit,item_39,ANIMALS (Real or toy),produces; doesn't produce,,rabbit
cuileog,item_40,CLOTHES,produces; doesn't produce,,cuileog
fly,item_41,ANIMALS (Real or toy),produces; doesn't produce,,fly
damhánalla,item_42,ANIMALS (Real or toy),produces; doesn't produce,,damhánalla
spider,item_43,ANIMALS (Real or toy),produces; doesn't produce,,spider
eala,item_44,ANIMALS (Real or toy),produces; doesn't produce,,eala
swan,item_45,ANIMALS (Real or toy),produces; doesn't produce,,swan
éan,item_46,ANIMALS (Real or toy),produces; doesn't produce,,éan
bird,item_47,ANIMALS (Real or toy),produces; doesn't produce,,bird
eilifint,item_48,ANIMALS (Real or toy),produces; doesn't produce,,eilifint_elephant
faoileán,item_49,ANIMALS (Real or toy),produces; doesn't produce,,faoileán
seagull,item_50,ANIMALS (Real or toy),produces; doesn't produce,,seagull
féileacán,item_51,ANIMALS (Real or toy),produces; doesn't produce,,féileacán_apeileacán
butterfly,item_52,ANIMALS (Real or toy),produces; doesn't produce,,butterfly
fia,item_53,ANIMALS (Real or toy),produces; doesn't produce,,fia
deer,item_54,ANIMALS (Real or toy),produces; doesn't produce,,deer
frogie,item_55,ANIMALS (Real or toy),produces; doesn't produce,,frogie
gabhar,item_56,ANIMALS (Real or toy),produces; doesn't produce,,gabhar
goat,item_57,OUTSIDE THINGS,produces; doesn't produce,,goat
gé,item_58,ANIMALS (Real or toy),produces; doesn't produce,,gé
goose,item_59,OUTSIDE THINGS,produces; doesn't produce,,goose
iasc,item_60,ANIMALS (Real or toy),produces; doesn't produce,,iasc
fish,item_61,ANIMALS (Real or toy),produces; doesn't produce,,fish
lacha,item_62,ANIMALS (Real or toy),produces; doesn't produce,,lacha
duck,item_63,ANIMALS (Real or toy),produces; doesn't produce,,duck
lao,item_64,ANIMALS (Real or toy),produces; doesn't produce,,lao_agamhainín
calf,item_65,CLOTHES,produces; doesn't produce,,calf
leon,item_66,ANIMALS (Real or toy),produces; doesn't produce,,leon
lion,item_67,ANIMALS (Real or toy),produces; doesn't produce,,lion
luch,item_68,ANIMALS (Real or toy),produces; doesn't produce,,luch
mouse,item_69,OUTSIDE THINGS,produces; doesn't produce,,mouse
mactíre,item_70,ANIMALS (Real or toy),produces; doesn't produce,,mactíre
wolf,item_71,OUTSIDE THINGS,produces; doesn't produce,,wolf
madrarua,item_72,ANIMALS (Real or toy),produces; doesn't produce,,madrarua_sionnach
fox,item_73,OUTSIDE THINGS,produces; doesn't produce,,fox
madra,item_74,ANIMALS (Real or toy),produces; doesn't produce,,madra_gadhar
dog,item_75,OUTSIDE THINGS,produces; doesn't produce,,dog
moncaí,item_76,OUTSIDE THINGS,produces; doesn't produce,,moncaí_monkey
muc,item_77,ANIMALS (Real or toy),produces; doesn't produce,,muc
pig,item_78,ANIMALS (Real or toy),produces; doesn't produce,,pig
nathair,item_79,ANIMALS (Real or toy),produces; doesn't produce,,nathair
snake,item_80,ANIMALS (Real or toy),produces; doesn't produce,,snake
piongain,item_81,ANIMALS (Real or toy),produces; doesn't produce,,piongain
penguin,item_82,ANIMALS (Real or toy),produces; doesn't produce,,penguin
piscín,item_83,ANIMALS (Real or toy),produces; doesn't produce,,piscín_acaitín
kitten,item_84,ANIMALS (Real or toy),produces; doesn't produce,,kitten_apussycat
préachán,item_85,ANIMALS (Real or toy),produces; doesn't produce,,préachán
crow,item_86,CLOTHES,produces; doesn't produce,,crow
séabra,item_87,ANIMALS (Real or toy),produces; doesn't produce,,séabra
zebra,item_88,ANIMALS (Real or toy),produces; doesn't produce,,zebra
seilide,item_89,ANIMALS (Real or toy),produces; doesn't produce,,seilide_seilmide
snail,item_90,ANIMALS (Real or toy),produces; doesn't produce,,snail
sicín,item_91,ANIMALS (Real or toy),produces; doesn't produce,,sicín
chicken,item_92,CLOTHES,produces; doesn't produce,,chicken
sioráf,item_93,ANIMALS (Real or toy),produces; doesn't produce,,sioráf
giraffe,item_94,ANIMALS (Real or toy),produces; doesn't produce,,giraffe
spideog,item_95,ANIMALS (Real or toy),produces; doesn't produce,,spideog
robin,item_96,OUTSIDE THINGS,produces; doesn't produce,,robin
teidí,item_97,TOYS,produces; doesn't produce,,teidí_teddybear
tíogar,item_98,TOYS,produces; doesn't produce,,tíogar
tiger,item_99,TOYS,produces; doesn't produce,,tiger
turcaí,item_100,TOYS,produces; doesn't produce,,turcaí_turkey
uan,item_101,ANIMALS (Real or toy),produces; doesn't produce,,uan
lamb,item_102,ANIMALS (Real or toy),produces; doesn't produce,,lamb
bád,item_103,VEHICLES (Real or toy),produces; doesn't produce,,bád
boat,item_104,VEHICLES (Real or toy),produces; doesn't produce,,boat
busie,item_105,VEHICLES (Real or toy),produces; doesn't produce,,busie
carr,item_106,VEHICLES (Real or toy),produces; doesn't produce,,carr_mótar_gluaisteán
car,item_107,VEHICLES (Real or toy),produces; doesn't produce,,car
eitleán,item_108,VEHICLES (Real or toy),produces; doesn't produce,,eitleán
aeroplane,item_109,VEHICLES (Real or toy),produces; doesn't produce,,aeroplane
gluaisrothar,item_110,VEHICLES (Real or toy),produces; doesn't produce,,gluaisrothar
motorbike,item_111,VEHICLES (Real or toy),produces; doesn't produce,,motorbike
héileacaptar,item_112,VEHICLES (Real or toy),produces; doesn't produce,,héileacaptar_helicopter
jeepie,item_113,VEHICLES (Real or toy),produces; doesn't produce,,jeepie
leoraí,item_114,VEHICLES (Real or toy),produces; doesn't produce,,leoraí_lorry
long,item_115,VEHICLES (Real or toy),produces; doesn't produce,,long
ship,item_116,VEHICLES (Real or toy),produces; doesn't produce,,ship
otharcharr,item_117,VEHICLES (Real or toy),produces; doesn't produce,,otharcharr
ambulance,item_118,VEHICLES (Real or toy),produces; doesn't produce,,ambulance
pram,item_119,VEHICLES (Real or toy),produces; doesn't produce,,pram_buggy_bugaí
rothar,item_120,VEHICLES (Real or toy),produces; doesn't produce,,rothar
bike,item_121,VEHICLES (Real or toy),produces; doesn't produce,,bike_bicycle
tarracóir,item_122,VEHICLES (Real or toy),produces; doesn't produce,,tarracóir
tractor,item_123,VEHICLES (Real or toy),produces; doesn't produce,,tractor
tochaltóir,item_124,VEHICLES (Real or toy),produces; doesn't produce,,tochaltóir_bainteoir
digger,item_125,VEHICLES (Real or toy),produces; doesn't produce,,digger
traein,item_126,VEHICLES (Real or toy),produces; doesn't produce,,traein_train
truck,item_127,VEHICLES (Real or toy),produces; doesn't produce,,truck_trucail
veain,item_128,VEHICLES (Real or toy),produces; doesn't produce,,veain_van
bábóg,item_129,TOYS,produces; doesn't produce,,bábóg
doll,item_130,TOYS,produces; doesn't produce,,doll
balún,item_131,TOYS,produces; doesn't produce,,balún_balloon
bloic,item_132,TOYS,produces; doesn't produce,,bloic_brící
blocks,item_133,TOYS,produces; doesn't produce,,blocks
boilgeoga,item_134,TOYS,produces; doesn't produce,,boilgeoga
bubbles,item_135,TOYS,produces; doesn't produce,,bubbles
bréagán,item_136,TOYS,produces; doesn't produce,,bréagán_áilleagán
toy,item_137,TOYS,produces; doesn't produce,,toy
bronntanas,item_138,TOYS,produces; doesn't produce,,bronntanas_féirín
present,item_139,TOYS,produces; doesn't produce,,present
camán,item_140,CLOTHES,produces; doesn't produce,,camán
hurley,item_141,TOYS,produces; doesn't produce,,hurley
cluiche,item_142,CLOTHES,produces; doesn't produce,,cluiche
game,item_143,TOYS,produces; doesn't produce,,game
crayon,item_144,CLOTHES,produces; doesn't produce,,crayon_crián
dathú,item_145,TOYS,produces; doesn't produce,,dathú
druma,item_146,TOYS,produces; doesn't produce,,druma
drum,item_147,TOYS,produces; doesn't produce,,drum
gliú,item_148,TOYS,produces; doesn't produce,,gliú_glue_ie
gunna,item_149,TOYS,produces; doesn't produce,,gunna
gun,item_150,TOYS,produces; doesn't produce,,gun
leabhar,item_151,TOYS,produces; doesn't produce,,leabhar
book,item_152,TOYS,produces; doesn't produce,,book
liathróid,item_153,TOYS,produces; doesn't produce,,liathróid_caid_peil
(foot)ball,item_154,TOYS,produces; doesn't produce,,(foot)ball
míreannamearaí,item_155,TOYS,produces; doesn't produce,,míreannamearaí
jigsaw,item_156,TOYS,produces; doesn't produce,,jigsaw
peann,item_157,TOYS,produces; doesn't produce,,peann
pen,item_158,TOYS,produces; doesn't produce,,pen
peannluaidhe,item_159,TOYS,produces; doesn't produce,,peannluaidhe
pencil,item_160,TOYS,produces; doesn't produce,,pencil
scéal,item_161,CLOTHES,produces; doesn't produce,,scéal
story,item_162,TOYS,produces; doesn't produce,,story
sliotarie,item_163,TOYS,produces; doesn't produce,,sliotarie
anraith,item_164,FOOD AND DRINK,produces; doesn't produce,,anraith_súp
soup,item_165,FOOD AND DRINK,produces; doesn't produce,,soup
arán,item_166,FOOD AND DRINK,produces; doesn't produce,,arán_builín
bread,item_167,FOOD AND DRINK,produces; doesn't produce,,bread
bagún,item_168,FOOD AND DRINK,produces; doesn't produce,,bagún
bacon,item_169,FOOD AND DRINK,produces; doesn't produce,,bacon
bainne,item_170,FOOD AND DRINK,produces; doesn't produce,,bainne
milk,item_171,FOOD AND DRINK,produces; doesn't produce,,milk
banana,item_172,FOOD AND DRINK,produces; doesn't produce,,banana_ie
bia,item_173,FOOD AND DRINK,produces; doesn't produce,,bia
food,item_174,FOOD AND DRINK,produces; doesn't produce,,food
bocaire,item_175,FOOD AND DRINK,produces; doesn't produce,,bocaire_muifín
muffin,item_176,FOOD AND DRINK,produces; doesn't produce,,muffin
burgar,item_177,FOOD AND DRINK,produces; doesn't produce,,burgar_burgar_ie
briosca,item_178,FOOD AND DRINK,produces; doesn't produce,,briosca
biscuit,item_179,FOOD AND DRINK,produces; doesn't produce,,biscuit
cabáiste,item_180,FOOD AND DRINK,produces; doesn't produce,,cabáiste
cabbage,item_181,FOOD AND DRINK,produces; doesn't produce,,cabbage
cáca,item_182,FOOD AND DRINK,produces; doesn't produce,,cáca_císte
cake,item_183,FOOD AND DRINK,produces; doesn't produce,,cake
coffee,item_184,FOOD AND DRINK,produces; doesn't produce,,coffee_caife
cairéid,item_185,FOOD AND DRINK,produces; doesn't produce,,cairéid_cairéidí
carrot,item_186,FOOD AND DRINK,produces; doesn't produce,,carrot_carrots
cáis,item_187,FOOD AND DRINK,produces; doesn't produce,,cáis
cheese,item_188,FOOD AND DRINK,produces; doesn't produce,,cheese
calógarbhair,item_189,FOOD AND DRINK,produces; doesn't produce,,calógarbhair
cornflakes,item_190,FOOD AND DRINK,produces; doesn't produce,,cornflakes
caorafínúna,item_191,FOOD AND DRINK,produces; doesn't produce,,caorafínúna
grapes,item_192,FOOD AND DRINK,produces; doesn't produce,,grapes
ceapaire,item_193,FOOD AND DRINK,produces; doesn't produce,,ceapaire
sandwich,item_194,FOOD AND DRINK,produces; doesn't produce,,sandwich
cnaipínísicín,item_195,FOOD AND DRINK,produces; doesn't produce,,cnaipínísicín
chickennuggets,item_196,FOOD AND DRINK,produces; doesn't produce,,chickennuggets
cnónna,item_197,FOOD AND DRINK,produces; doesn't produce,,cnónna
nuts,item_198,FOOD AND DRINK,produces; doesn't produce,,nuts
coke,item_199,FOOD AND DRINK,produces; doesn't produce,,coke_cóc
criospaí,item_200,FOOD AND DRINK,produces; doesn't produce,,criospaí_téiteo
crisps,item_201,FOOD AND DRINK,produces; doesn't produce,,crisps_Taytos
cucumber,item_202,FOOD AND DRINK,produces; doesn't produce,,cucumber_cúcamar
deoch,item_203,FOOD AND DRINK,produces; doesn't produce,,deoch
drink,item_204,FOOD AND DRINK,produces; doesn't produce,,drink
taoschnó,item_205,FOOD AND DRINK,produces; doesn't produce,,taoschnó
donut,item_206,FOOD AND DRINK,produces; doesn't produce,,donut_ie
feoil,item_207,FOOD AND DRINK,produces; doesn't produce,,feoil
meat,item_208,FOOD AND DRINK,produces; doesn't produce,,meat
glóthach,item_209,FOOD AND DRINK,produces; doesn't produce,,glóthach
jelly,item_210,FOOD AND DRINK,produces; doesn't produce,,jelly
iasc,item_211,FOOD AND DRINK,produces; doesn't produce,,iasc
fish,item_212,FOOD AND DRINK,produces; doesn't produce,,fish
im,item_213,FOOD AND DRINK,produces; doesn't produce,,im
butter,item_214,FOOD AND DRINK,produces; doesn't produce,,butter
yoghurt,item_215,FOOD AND DRINK,produces; doesn't produce,,yoghurt_iógairt
ispíní,item_216,FOOD AND DRINK,produces; doesn't produce,,ispíní_sasagaí
sausages,item_217,FOOD AND DRINK,produces; doesn't produce,,sausages
leite,item_218,FOOD AND DRINK,produces; doesn't produce,,leite_praiseach
porridge,item_219,FOOD AND DRINK,produces; doesn't produce,,porridge
liamhás,item_220,FOOD AND DRINK,produces; doesn't produce,,liamhás_más
ham,item_221,FOOD AND DRINK,produces; doesn't produce,,ham
líreacán,item_222,FOOD AND DRINK,produces; doesn't produce,,líreacán
lollipop,item_223,FOOD AND DRINK,produces; doesn't produce,,lollipop
mil,item_224,FOOD AND DRINK,produces; doesn't produce,,mil
honey,item_225,FOOD AND DRINK,produces; doesn't produce,,honey
milseáin,item_226,FOOD AND DRINK,produces; doesn't produce,,milseáin
sweets,item_227,FOOD AND DRINK,produces; doesn't produce,,sweets
oráíste,item_228,FOOD AND DRINK,produces; doesn't produce,,oráíste
orange,item_229,FOOD AND DRINK,produces; doesn't produce,,orange
pancóg,item_230,FOOD AND DRINK,produces; doesn't produce,,pancóg
pancake,item_231,FOOD AND DRINK,produces; doesn't produce,,pancake
pasta,item_232,FOOD AND DRINK,produces; doesn't produce,,pasta_ie
piorra,item_233,FOOD AND DRINK,produces; doesn't produce,,piorra
pear,item_234,FOOD AND DRINK,produces; doesn't produce,,pear
pizza,item_235,FOOD AND DRINK,produces; doesn't produce,,pizza_ie
piseanna,item_236,FOOD AND DRINK,produces; doesn't produce,,piseanna
peas,item_237,FOOD AND DRINK,produces; doesn't produce,,peas
pónairí,item_238,FOOD AND DRINK,produces; doesn't produce,,pónairí
beans,item_239,FOOD AND DRINK,produces; doesn't produce,,beans
práta,item_240,FOOD AND DRINK,produces; doesn't produce,,práta_fata
potato,item_241,FOOD AND DRINK,produces; doesn't produce,,potato
reoiteog,item_242,FOOD AND DRINK,produces; doesn't produce,,reoiteog
icepop,item_243,FOOD AND DRINK,produces; doesn't produce,,icepop
rísín,item_244,FOOD AND DRINK,produces; doesn't produce,,rísín
raisin,item_245,FOOD AND DRINK,produces; doesn't produce,,raisin
salann,item_246,FOOD AND DRINK,produces; doesn't produce,,salann
salt,item_247,FOOD AND DRINK,produces; doesn't produce,,salt
sceallóga,item_248,FOOD AND DRINK,produces; doesn't produce,,sceallóga
chips,item_249,FOOD AND DRINK,produces; doesn't produce,,chips
seacláid,item_250,FOOD AND DRINK,produces; doesn't produce,,seacláid
chocolate,item_251,FOOD AND DRINK,produces; doesn't produce,,chocolate
slisíní,item_252,FOOD AND DRINK,produces; doesn't produce,,slisíní_bagúin
rashers,item_253,FOOD AND DRINK,produces; doesn't produce,,rashers
spagettiie,item_254,FOOD AND DRINK,produces; doesn't produce,,spagettiie
sútalún,item_255,FOOD AND DRINK,produces; doesn't produce,,sútalún
strawberry,item_256,FOOD AND DRINK,produces; doesn't produce,,strawberry
sú,item_257,FOOD AND DRINK,produces; doesn't produce,,sú
juice,item_258,FOOD AND DRINK,produces; doesn't produce,,juice
subh,item_259,FOOD AND DRINK,produces; doesn't produce,,subh
jam,item_260,FOOD AND DRINK,produces; doesn't produce,,jam
tae,item_261,FOOD AND DRINK,produces; doesn't produce,,tae
tea,item_262,FOOD AND DRINK,produces; doesn't produce,,tea
tornapa,item_263,FOOD AND DRINK,produces; doesn't produce,,tornapa
turnip,item_264,FOOD AND DRINK,produces; doesn't produce,,turnip
tósta,item_265,FOOD AND DRINK,produces; doesn't produce,,tósta
toast,item_266,FOOD AND DRINK,produces; doesn't produce,,toast
tráta,item_267,FOOD AND DRINK,produces; doesn't produce,,tráta
tomato,item_268,FOOD AND DRINK,produces; doesn't produce,,tomato
uachtarreoite,item_269,FOOD AND DRINK,produces; doesn't produce,,uachtarreoite
icecream,item_270,FOOD AND DRINK,produces; doesn't produce,,icecream
ubh,item_271,FOOD AND DRINK,produces; doesn't produce,,ubh_gogaí
egg,item_272,FOOD AND DRINK,produces; doesn't produce,,egg
uisce,item_273,FOOD AND DRINK,produces; doesn't produce,,uisce
water,item_274,FOOD AND DRINK,produces; doesn't produce,,water
úll,item_275,FOOD AND DRINK,produces; doesn't produce,,úll
apple,item_276,FOOD AND DRINK,produces; doesn't produce,,apple
bibe,item_277,CLOTHES,produces; doesn't produce,,bibe_beannóg
bib,item_278,CLOTHES,produces; doesn't produce,,bib
bríste,item_279,CLOTHES,produces; doesn't produce,,bríste_treabhsar
trousers,item_280,TOYS,produces; doesn't produce,,trousers
brístegearra,item_281,CLOTHES,produces; doesn't produce,,brístegearra
shorts,item_282,CLOTHES,produces; doesn't produce,,shorts
bróga,item_283,CLOTHES,produces; doesn't produce,,bróga
shoes,item_284,CLOTHES,produces; doesn't produce,,shoes
brógareatha,item_285,CLOTHES,produces; doesn't produce,,brógareatha
runners,item_286,CLOTHES,produces; doesn't produce,,runners
buataisí,item_287,CLOTHES,produces; doesn't produce,,buataisí
boots,item_288,CLOTHES,produces; doesn't produce,,boots_wellies
caipín,item_289,CLOTHES,produces; doesn't produce,,caipín
cap,item_290,CLOTHES,produces; doesn't produce,,cap
cardigan,item_291,CLOTHES,produces; doesn't produce,,cardigan_cairdeagan_ie
clúidín,item_292,CLOTHES,produces; doesn't produce,,clúidín
nappy,item_293,CLOTHES,produces; doesn't produce,,nappy
cnaipe,item_294,CLOTHES,produces; doesn't produce,,cnaipe
button,item_295,CLOTHES,produces; doesn't produce,,button
cóta,item_296,CLOTHES,produces; doesn't produce,,cóta
coat,item_297,CLOTHES,produces; doesn't produce,,coat
crios,item_298,CLOTHES,produces; doesn't produce,,crios
belt,item_299,CLOTHES,produces; doesn't produce,,belt
culaithleapa,item_300,CLOTHES,produces; doesn't produce,,culaithleapa
pijamas,item_301,CLOTHES,produces; doesn't produce,,pijamas
culaithsnámha,item_302,CLOTHES,produces; doesn't produce,,culaithsnámha
swimmingtogs,item_303,CLOTHES,produces; doesn't produce,,swimmingtogs
éadaí,item_304,CLOTHES,produces; doesn't produce,,éadaí
clothes,item_305,CLOTHES,produces; doesn't produce,,clothes
fáinne,item_306,CLOTHES,produces; doesn't produce,,fáinne
ring,item_307,CLOTHES,produces; doesn't produce,,ring
fobhríste,item_308,CLOTHES,produces; doesn't produce,,fobhríste_brístín
underpants,item_309,CLOTHES,produces; doesn't produce,,underpants
geansaí,item_310,CLOTHES,produces; doesn't produce,,geansaí
jumper,item_311,CLOTHES,produces; doesn't produce,,jumper
gúna,item_312,CLOTHES,produces; doesn't produce,,gúna
dress,item_313,CLOTHES,produces; doesn't produce,,dress
hata,item_314,CLOTHES,produces; doesn't produce,,hata
hat,item_315,CLOTHES,produces; doesn't produce,,hat
lámhainní,item_316,CLOTHES,produces; doesn't produce,,lámhainní_miteogaí
gloves,item_317,CLOTHES,produces; doesn't produce,,gloves_mittens
léine,item_318,CLOTHES,produces; doesn't produce,,léine
shirt,item_319,CLOTHES,produces; doesn't produce,,shirt
riteoga,item_320,CLOTHES,produces; doesn't produce,,riteoga
tights,item_321,CLOTHES,produces; doesn't produce,,tights
scairf,item_322,CLOTHES,produces; doesn't produce,,scairf_scarf_ie
sciorta,item_323,CLOTHES,produces; doesn't produce,,sciorta
skirt,item_324,CLOTHES,produces; doesn't produce,,skirt
seaicéad,item_325,CLOTHES,produces; doesn't produce,,seaicéad_casóg
jacket,item_326,CLOTHES,produces; doesn't produce,,jacket
zip,item_327,CLOTHES,produces; doesn't produce,,zip_sip_ie
slipéir,item_328,CLOTHES,produces; doesn't produce,,slipéir
slipper,item_329,CLOTHES,produces; doesn't produce,,slipper
spéaclaí,item_330,CLOTHES,produces; doesn't produce,,spéaclaí
glasses,item_331,CLOTHES,produces; doesn't produce,,glasses
stocaí,item_332,CLOTHES,produces; doesn't produce,,stocaí
socks,item_333,CLOTHES,produces; doesn't produce,,socks
tléine,item_334,CLOTHES,produces; doesn't produce,,tléine
tshirt,item_335,CLOTHES,produces; doesn't produce,,tshirt
veist,item_336,VEHICLES (Real or toy),produces; doesn't produce,,veist_cfoléine
vest,item_337,VEHICLES (Real or toy),produces; doesn't produce,,vest
aghaidh,item_338,ANIMALS (Real or toy),produces; doesn't produce,,aghaidh
face,item_339,BODY PARTS,produces; doesn't produce,,face
barraicíní,item_340,BODY PARTS,produces; doesn't produce,,barraicíní
toes,item_341,TOYS,produces; doesn't produce,,toes
béal,item_342,BODY PARTS,produces; doesn't produce,,béal
mouth,item_343,BODY PARTS,produces; doesn't produce,,mouth
beola,item_344,BODY PARTS,produces; doesn't produce,,beola
lips,item_345,BODY PARTS,produces; doesn't produce,,lips
bolg,item_346,BODY PARTS,produces; doesn't produce,,bolg
tummy,item_347,TOYS,produces; doesn't produce,,tummy_stomach
ceann,item_348,CLOTHES,produces; doesn't produce,,ceann_bpcloigeann
head,item_349,BODY PARTS,produces; doesn't produce,,head
cluasa,item_350,CLOTHES,produces; doesn't produce,,cluasa
ears,item_351,BODY PARTS,produces; doesn't produce,,ears
cos,item_352,CLOTHES,produces; doesn't produce,,cos
foot,item_353,BODY PARTS,produces; doesn't produce,,foot
droim,item_354,BODY PARTS,produces; doesn't produce,,droim
back,item_355,BODY PARTS,produces; doesn't produce,,back
fiacla,item_356,BODY PARTS,produces; doesn't produce,,fiacla
teeth,item_357,TOYS,produces; doesn't produce,,teeth
glúin,item_358,BODY PARTS,produces; doesn't produce,,glúin
knee,item_359,BODY PARTS,produces; doesn't produce,,knee
gruaig,item_360,BODY PARTS,produces; doesn't produce,,gruaig
hair,item_361,BODY PARTS,produces; doesn't produce,,hair
gualainn,item_362,BODY PARTS,produces; doesn't produce,,gualainn
shoulder(s),item_363,BODY PARTS,produces; doesn't produce,,shoulder(s)
lámh,item_364,BODY PARTS,produces; doesn't produce,,lámh
hand,item_365,BODY PARTS,produces; doesn't produce,,hand
leiceann,item_366,BODY PARTS,produces; doesn't produce,,leiceann
cheek,item_367,CLOTHES,produces; doesn't produce,,cheek
lúidín,item_368,BODY PARTS,produces; doesn't produce,,lúidín
mala,item_369,BODY PARTS,produces; doesn't produce,,mala
eyebrow,item_370,BODY PARTS,produces; doesn't produce,,eyebrow
méar,item_371,BODY PARTS,produces; doesn't produce,,méar
finger,item_372,BODY PARTS,produces; doesn't produce,,finger
muineál,item_373,BODY PARTS,produces; doesn't produce,,muineál
neck,item_374,BODY PARTS,produces; doesn't produce,,neck
ordóg,item_375,OUTSIDE THINGS,produces; doesn't produce,,ordóg
thumb,item_376,TOYS,produces; doesn't produce,,thumb
pilibín,item_377,PREPOSITIONAL PRONOUNS (IRISH ONLY),produces; doesn't produce,,pilibín
willy,item_378,BODY PARTS,produces; doesn't produce,,willy
smig,item_379,BODY PARTS,produces; doesn't produce,,smig
chin,item_380,CLOTHES,produces; doesn't produce,,chin
srón,item_381,BODY PARTS,produces; doesn't produce,,srón_caincín
nose,item_382,BODY PARTS,produces; doesn't produce,,nose
scornach,item_383,BODY PARTS,produces; doesn't produce,,scornach
throat,item_384,TOYS,produces; doesn't produce,,throat
súil,item_385,BODY PARTS,produces; doesn't produce,,súil
eye,item_386,BODY PARTS,produces; doesn't produce,,eye
teanga,item_387,TOYS,produces; doesn't produce,,teanga
tongue,item_388,TOYS,produces; doesn't produce,,tongue
tóin,item_389,TOYS,produces; doesn't produce,,tóin_bundún
bottom,item_390,BODY PARTS,produces; doesn't produce,,bottom
uilinn,item_391,BODY PARTS,produces; doesn't produce,,uilinn
elbow,item_392,BODY PARTS,produces; doesn't produce,,elbow
airgead,item_393,SMALL HOUSEHOLD ITEMS,produces; doesn't produce,,airgead
money,item_394,SMALL HOUSEHOLD ITEMS,produces; doesn't produce,,money
babhla,item_395,SMALL HOUSEHOLD ITEMS,produces; doesn't produce,,babhla_mias
bowl,item_396,SMALL HOUSEHOLD ITEMS,produces; doesn't produce,,bowl
bascaed,item_397,SMALL HOUSEHOLD ITEMS,produces; doesn't produce,,bascaed_ciseán
basket,item_398,SMALL HOUSEHOLD ITEMS,produces; doesn't produce,,basket
blaincéad,item_399,SMALL HOUSEHOLD ITEMS,produces; doesn't produce,,blaincéad_pluid
blanket,item_400,SMALL HOUSEHOLD ITEMS,produces; doesn't produce,,blanket
bord,item_401,SMALL HOUSEHOLD ITEMS,produces; doesn't produce,,bord
table,item_402,SMALL HOUSEHOLD ITEMS,produces; doesn't produce,,table
bosca,item_403,SMALL HOUSEHOLD ITEMS,produces; doesn't produce,,bosca
box,item_404,SMALL HOUSEHOLD ITEMS,produces; doesn't produce,,box
boscabruscair,item_405,SMALL HOUSEHOLD ITEMS,produces; doesn't produce,,boscabruscair
dustbin,item_406,SMALL HOUSEHOLD ITEMS,produces; doesn't produce,,dustbin
bruscar,item_407,SMALL HOUSEHOLD ITEMS,produces; doesn't produce,,bruscar
rubbish,item_408,SMALL HOUSEHOLD ITEMS,produces; doesn't produce,,rubbish
buicéad,item_409,SMALL HOUSEHOLD ITEMS,produces; doesn't produce,,buicéad
bucket,item_410,SMALL HOUSEHOLD ITEMS,produces; doesn't produce,,bucket
buidéal,item_411,SMALL HOUSEHOLD ITEMS,produces; doesn't produce,,buidéal
bottle,item_412,SMALL HOUSEHOLD ITEMS,produces; doesn't produce,,bottle
casúr,item_413,CLOTHES,produces; doesn't produce,,casúr
hammer,item_414,SMALL HOUSEHOLD ITEMS,produces; doesn't produce,,hammer
ceamara,item_415,CLOTHES,produces; doesn't produce,,ceamara
camara,item_416,CLOTHES,produces; doesn't produce,,camara
cíor,item_417,CLOTHES,produces; doesn't produce,,cíor
comb,item_418,CLOTHES,produces; doesn't produce,,comb
kettle,item_419,SMALL HOUSEHOLD ITEMS,produces; doesn't produce,,kettle_citeal_ie
fíochán,item_420,SMALL HOUSEHOLD ITEMS,produces; doesn't produce,,fíochán_shciarsúr
tissue,item_421,SMALL HOUSEHOLD ITEMS,produces; doesn't produce,,tissue
folúsghlantóir,item_422,SMALL HOUSEHOLD ITEMS,produces; doesn't produce,,folúsghlantóir
hoover,item_423,SMALL HOUSEHOLD ITEMS,produces; doesn't produce,,hoover
fónphóca,item_424,SMALL HOUSEHOLD ITEMS,produces; doesn't produce,,fónphóca
mobilephone,item_425,SMALL HOUSEHOLD ITEMS,produces; doesn't produce,,mobilephone
fork,item_426,SMALL HOUSEHOLD ITEMS,produces; doesn't produce,,fork_forc_ie
gallúnach,item_427,SMALL HOUSEHOLD ITEMS,produces; doesn't produce,,gallúnach
soap,item_428,SMALL HOUSEHOLD ITEMS,produces; doesn't produce,,soap
gloine,item_429,SMALL HOUSEHOLD ITEMS,produces; doesn't produce,,gloine
glass,item_430,SMALL HOUSEHOLD ITEMS,produces; doesn't produce,,glass
lampa,item_431,SMALL HOUSEHOLD ITEMS,produces; doesn't produce,,lampa
lamp,item_432,SMALL HOUSEHOLD ITEMS,produces; doesn't produce,,lamp
leigheas,item_433,SMALL HOUSEHOLD ITEMS,produces; doesn't produce,,leigheas
medicine,item_434,SMALL HOUSEHOLD ITEMS,produces; doesn't produce,,medicine
mála,item_435,SMALL HOUSEHOLD ITEMS,produces; doesn't produce,,mála
bag,item_436,SMALL HOUSEHOLD ITEMS,produces; doesn't produce,,bag
mapa,item_437,SMALL HOUSEHOLD ITEMS,produces; doesn't produce,,mapa_léarscáil
map,item_438,SMALL HOUSEHOLD ITEMS,produces; doesn't produce,,map
muga,item_439,SMALL HOUSEHOLD ITEMS,produces; doesn't produce,,muga
mug,item_440,SMALL HOUSEHOLD ITEMS,produces; doesn't produce,,mug
páipéar,item_441,SMALL HOUSEHOLD ITEMS,produces; doesn't produce,,páipéar
paper,item_442,SMALL HOUSEHOLD ITEMS,produces; doesn't produce,,paper
pingin,item_443,SMALL HOUSEHOLD ITEMS,produces; doesn't produce,,pingin
penny,item_444,SMALL HOUSEHOLD ITEMS,produces; doesn't produce,,penny_cent
pictúir,item_445,SMALL HOUSEHOLD ITEMS,produces; doesn't produce,,pictúir
picture,item_446,SMALL HOUSEHOLD ITEMS,produces; doesn't produce,,picture
radio,item_447,SMALL HOUSEHOLD ITEMS,produces; doesn't produce,,radio_radio_ie
sáspan,item_448,SMALL HOUSEHOLD ITEMS,produces; doesn't produce,,sáspan
saucepan,item_449,SMALL HOUSEHOLD ITEMS,produces; doesn't produce,,saucepan
scáthán,item_450,SMALL HOUSEHOLD ITEMS,produces; doesn't produce,,scáthán
mirror,item_451,SMALL HOUSEHOLD ITEMS,produces; doesn't produce,,mirror
scian,item_452,SMALL HOUSEHOLD ITEMS,produces; doesn't produce,,scian
knife,item_453,SMALL HOUSEHOLD ITEMS,produces; doesn't produce,,knife
sconna,item_454,SMALL HOUSEHOLD ITEMS,produces; doesn't produce,,sconna
tap,item_455,SMALL HOUSEHOLD ITEMS,produces; doesn't produce,,tap
scuab,item_456,SMALL HOUSEHOLD ITEMS,produces; doesn't produce,,scuab
brush,item_457,SMALL HOUSEHOLD ITEMS,produces; doesn't produce,,brush
scualfiacla,item_458,SMALL HOUSEHOLD ITEMS,produces; doesn't produce,,scualfiacla
toothbrush,item_459,SMALL HOUSEHOLD ITEMS,produces; doesn't produce,,toothbrush
shampooie,item_460,SMALL HOUSEHOLD ITEMS,produces; doesn't produce,,shampooie
siosúr,item_461,SMALL HOUSEHOLD ITEMS,produces; doesn't produce,,siosúr
scissors,item_462,SMALL HOUSEHOLD ITEMS,produces; doesn't produce,,scissors
solas,item_463,SMALL HOUSEHOLD ITEMS,produces; doesn't produce,,solas
light,item_464,SMALL HOUSEHOLD ITEMS,produces; doesn't produce,,light
spúnóg,item_465,SMALL HOUSEHOLD ITEMS,produces; doesn't produce,,spúnóg
spoon,item_466,SMALL HOUSEHOLD ITEMS,produces; doesn't produce,,spoon
taephota,item_467,SMALL HOUSEHOLD ITEMS,produces; doesn't produce,,taephota
teapot,item_468,SMALL HOUSEHOLD ITEMS,produces; doesn't produce,,teapot
taosfiacla,item_469,SMALL HOUSEHOLD ITEMS,produces; doesn't produce,,taosfiacla
toothpaste,item_470,SMALL HOUSEHOLD ITEMS,produces; doesn't produce,,toothpaste
teileafón,item_471,SMALL HOUSEHOLD ITEMS,produces; doesn't produce,,teileafón_guthán
telephone,item_472,SMALL HOUSEHOLD ITEMS,produces; doesn't produce,,telephone
clog,item_473,CLOTHES,produces; doesn't produce,,clog
clock,item_474,CLOTHES,produces; doesn't produce,,clock
crúiscín,item_475,CLOTHES,produces; doesn't produce,,crúiscín
jug,item_476,SMALL HOUSEHOLD ITEMS,produces; doesn't produce,,jug
cupán,item_477,CLOTHES,produces; doesn't produce,,cupán
cup,item_478,CLOTHES,produces; doesn't produce,,cup
eochair,item_479,SMALL HOUSEHOLD ITEMS,produces; doesn't produce,,eochair_eochracha
key,item_480,SMALL HOUSEHOLD ITEMS,produces; doesn't produce,,key_s
piliúr,item_481,SMALL HOUSEHOLD ITEMS,produces; doesn't produce,,piliúr
pillow,item_482,SMALL HOUSEHOLD ITEMS,produces; doesn't produce,,pillow
planda,item_483,SMALL HOUSEHOLD ITEMS,produces; doesn't produce,,planda_luibh
plant,item_484,SMALL HOUSEHOLD ITEMS,produces; doesn't produce,,plant
pláta,item_485,SMALL HOUSEHOLD ITEMS,produces; doesn't produce,,pláta
plate,item_486,SMALL HOUSEHOLD ITEMS,produces; doesn't produce,,plate
pota,item_487,SMALL HOUSEHOLD ITEMS,produces; doesn't produce,,pota
pot,item_488,SMALL HOUSEHOLD ITEMS,produces; doesn't produce,,pot
tape,item_489,SMALL HOUSEHOLD ITEMS,produces; doesn't produce,,tape_téip_DVD
túaille,item_490,SMALL HOUSEHOLD ITEMS,produces; doesn't produce,,túaille
towel,item_491,SMALL HOUSEHOLD ITEMS,produces; doesn't produce,,towel
uaireadóir,item_492,SMALL HOUSEHOLD ITEMS,produces; doesn't produce,,uaireadóir
watch,item_493,SMALL HOUSEHOLD ITEMS,produces; doesn't produce,,watch
beithilín,item_494,FURNITURE AND ROOMS,produces; doesn't produce,,beithilín_máinséar
cot,item_495,CLOTHES,produces; doesn't produce,,cot
cathaoir,item_496,CLOTHES,produces; doesn't produce,,cathaoir
chair,item_497,CLOTHES,produces; doesn't produce,,chair
cathaoirard,item_498,CLOTHES,produces; doesn't produce,,cathaoirard
highchair,item_499,FURNITURE AND ROOMS,produces; doesn't produce,,highchair
cistin,item_500,CLOTHES,produces; doesn't produce,,cistin
kitchen,item_501,FURNITURE AND ROOMS,produces; doesn't produce,,kitchen
cith,item_502,CLOTHES,produces; doesn't produce,,cith_fholcadh
shower,item_503,FURNITURE AND ROOMS,produces; doesn't produce,,shower
cófra,item_504,CLOTHES,produces; doesn't produce,,cófra_preas
cupboard,item_505,CLOTHES,produces; doesn't produce,,cupboard_press
cuisneoir,item_506,CLOTHES,produces; doesn't produce,,cuisneoir
fridge,item_507,FURNITURE AND ROOMS,produces; doesn't produce,,fridge
doirteal,item_508,FURNITURE AND ROOMS,produces; doesn't produce,,doirteal_báisín
sink,item_509,FURNITURE AND ROOMS,produces; doesn't produce,,sink
doras,item_510,FURNITURE AND ROOMS,produces; doesn't produce,,doras
door,item_511,FURNITURE AND ROOMS,produces; doesn't produce,,door
folcadán,item_512,FURNITURE AND ROOMS,produces; doesn't produce,,folcadán_dabhach
bath,item_513,FURNITURE AND ROOMS,produces; doesn't produce,,bath
fuinneog,item_514,FURNITURE AND ROOMS,produces; doesn't produce,,fuinneog
window,item_515,FURNITURE AND ROOMS,produces; doesn't produce,,window
garáise,item_516,FURNITURE AND ROOMS,produces; doesn't produce,,garáise
garage,item_517,FURNITURE AND ROOMS,produces; doesn't produce,,garage
leaba,item_518,FURNITURE AND ROOMS,produces; doesn't produce,,leaba_leabaigh
bed,item_519,FURNITURE AND ROOMS,produces; doesn't produce,,bed
leithreas,item_520,FURNITURE AND ROOMS,produces; doesn't produce,,leithreas
toilet,item_521,TOYS,produces; doesn't produce,,toilet
meaisínníócháín,item_522,FURNITURE AND ROOMS,produces; doesn't produce,,meaisínníócháín
washingmachine,item_523,FURNITURE AND ROOMS,produces; doesn't produce,,washingmachine
oigheann,item_524,OUTSIDE THINGS,produces; doesn't produce,,oigheann
oven,item_525,OUTSIDE THINGS,produces; doesn't produce,,oven
potabeag,item_526,PEOPLE *or words used in your family,produces; doesn't produce,,potabeag
potty,item_527,PEOPLE *or words used in your family,produces; doesn't produce,,potty
seomra,item_528,FURNITURE AND ROOMS,produces; doesn't produce,,seomra
room,item_529,FURNITURE AND ROOMS,produces; doesn't produce,,room
seomrafolctha,item_530,FURNITURE AND ROOMS,produces; doesn't produce,,seomrafolctha
bathroom,item_531,FURNITURE AND ROOMS,produces; doesn't produce,,bathroom
seomraleapa,item_532,FURNITURE AND ROOMS,produces; doesn't produce,,seomraleapa
bedroom,item_533,FURNITURE AND ROOMS,produces; doesn't produce,,bedroom
seomrasuí,item_534,FURNITURE AND ROOMS,produces; doesn't produce,,seomrasuí
sittingroom,item_535,FURNITURE AND ROOMS,produces; doesn't produce,,sittingroom
seomrasúgartha,item_536,FURNITURE AND ROOMS,produces; doesn't produce,,seomrasúgartha
playroom,item_537,PEOPLE *or words used in your family,produces; doesn't produce,,playroom
sorn,item_538,FURNITURE AND ROOMS,produces; doesn't produce,,sorn
cooker,item_539,CLOTHES,produces; doesn't produce,,cooker
staighre,item_540,FURNITURE AND ROOMS,produces; doesn't produce,,staighre
stairs,item_541,FURNITURE AND ROOMS,produces; doesn't produce,,stairs
stól,item_542,FURNITURE AND ROOMS,produces; doesn't produce,,stól
stool,item_543,FURNITURE AND ROOMS,produces; doesn't produce,,stool
tarraicéan,item_544,TOYS,produces; doesn't produce,,tarraicéan
drawer,item_545,FURNITURE AND ROOMS,produces; doesn't produce,,drawer
teilifís,item_546,TOYS,produces; doesn't produce,,teilifís
television,item_547,TOYS,produces; doesn't produce,,television
tine,item_548,TOYS,produces; doesn't produce,,tine
fire,item_549,FURNITURE AND ROOMS,produces; doesn't produce,,fire
tolg,item_550,TOYS,produces; doesn't produce,,tolg_cúits
couch,item_551,CLOTHES,produces; doesn't produce,,couch_sofa
urlár,item_552,FURNITURE AND ROOMS,produces; doesn't produce,,urlár
floor,item_553,FURNITURE AND ROOMS,produces; doesn't produce,,floor
báisteach,item_554,OUTSIDE THINGS,produces; doesn't produce,,báisteach
rain,item_555,OUTSIDE THINGS,produces; doesn't produce,,rain
bata,item_556,OUTSIDE THINGS,produces; doesn't produce,,bata_maide
stick,item_557,TOYS,produces; doesn't produce,,stick
bláth,item_558,OUTSIDE THINGS,produces; doesn't produce,,bláth
flower,item_559,OUTSIDE THINGS,produces; doesn't produce,,flower
bothán,item_560,OUTSIDE THINGS,produces; doesn't produce,,bothán_sciobóil
shed,item_561,SMALL HOUSEHOLD ITEMS,produces; doesn't produce,,shed
bóthar,item_562,OUTSIDE THINGS,produces; doesn't produce,,bóthar
road,item_563,OUTSIDE THINGS,produces; doesn't produce,,road
brat(ach),item_564,OUTSIDE THINGS,produces; doesn't produce,,brat(ach)
flag,item_565,OUTSIDE THINGS,produces; doesn't produce,,flag
buicéad,item_566,OUTSIDE THINGS,produces; doesn't produce,,buicéad
bucket,item_567,OUTSIDE THINGS,produces; doesn't produce,,bucket
carraig,item_568,CLOTHES,produces; doesn't produce,,carraig
rock,item_569,OUTSIDE THINGS,produces; doesn't produce,,rock
ceo,item_570,CLOTHES,produces; doesn't produce,,ceo
fog,item_571,OUTSIDE THINGS,produces; doesn't produce,,fog
claí,item_572,CLOTHES,produces; doesn't produce,,claí_sconsa
fence,item_573,OUTSIDE THINGS,produces; doesn't produce,,fence
cloch,item_574,CLOTHES,produces; doesn't produce,,cloch
stone,item_575,TOYS,produces; doesn't produce,,stone
cosán,item_576,CLOTHES,produces; doesn't produce,,cosán_páile
foothpath,item_577,OUTSIDE THINGS,produces; doesn't produce,,foothpath
crann,item_578,CLOTHES,produces; doesn't produce,,crann
tree,item_579,TOYS,produces; doesn't produce,,tree
díon,item_580,OUTSIDE THINGS,produces; doesn't produce,,díon
roof,item_581,OUTSIDE THINGS,produces; doesn't produce,,roof
dréimire,item_582,OUTSIDE THINGS,produces; doesn't produce,,dréimire
ladder,item_583,OUTSIDE THINGS,produces; doesn't produce,,ladder
falla,item_584,OUTSIDE THINGS,produces; doesn't produce,,falla_balla
wall,item_585,OUTSIDE THINGS,produces; doesn't produce,,wall
farraige,item_586,OUTSIDE THINGS,produces; doesn't produce,,farraige
sea,item_587,OUTSIDE THINGS,produces; doesn't produce,,sea
féar,item_588,OUTSIDE THINGS,produces; doesn't produce,,féar
grass,item_589,OUTSIDE THINGS,produces; doesn't produce,,grass
fearsneachta,item_590,OUTSIDE THINGS,produces; doesn't produce,,fearsneachta
snowman,item_591,OUTSIDE THINGS,produces; doesn't produce,,snowman
gaineamh,item_592,OUTSIDE THINGS,produces; doesn't produce,,gaineamh
sand,item_593,OUTSIDE THINGS,produces; doesn't produce,,sand
gairdín,item_594,OUTSIDE THINGS,produces; doesn't produce,,gairdín
garden,item_595,OUTSIDE THINGS,produces; doesn't produce,,garden
gaoth,item_596,OUTSIDE THINGS,produces; doesn't produce,,gaoth
wind,item_597,OUTSIDE THINGS,produces; doesn't produce,,wind
gealach,item_598,OUTSIDE THINGS,produces; doesn't produce,,gealach_ré
moon,item_599,OUTSIDE THINGS,produces; doesn't produce,,moon
geata,item_600,OUTSIDE THINGS,produces; doesn't produce,,geata
gate,item_601,OUTSIDE THINGS,produces; doesn't produce,,gate
grian,item_602,OUTSIDE THINGS,produces; doesn't produce,,grian
sun,item_603,OUTSIDE THINGS,produces; doesn't produce,,sun
laí,item_604,OUTSIDE THINGS,produces; doesn't produce,,laí_sluasaid
shovel,item_605,SMALL HOUSEHOLD ITEMS,produces; doesn't produce,,shovel
linnsnámha,item_606,OUTSIDE THINGS,produces; doesn't produce,,linnsnámha
(swimming)pool,item_607,OUTSIDE THINGS,produces; doesn't produce,,(swimming)pool
loch,item_608,OUTSIDE THINGS,produces; doesn't produce,,loch_lochán
pond,item_609,OUTSIDE THINGS,produces; doesn't produce,,pond
luascán,item_610,OUTSIDE THINGS,produces; doesn't produce,,luascán
swings,item_611,OUTSIDE THINGS,produces; doesn't produce,,swings
réalta,item_612,OUTSIDE THINGS,produces; doesn't produce,,réalta
stars,item_613,TOYS,produces; doesn't produce,,stars
scamall,item_614,CLOTHES,produces; doesn't produce,,scamall
cloud,item_615,CLOTHES,produces; doesn't produce,,cloud
sceach,item_616,CLOTHES,produces; doesn't produce,,sceach
bush,item_617,OUTSIDE THINGS,produces; doesn't produce,,bush
simléar,item_618,OUTSIDE THINGS,produces; doesn't produce,,simléar
chimney,item_619,CLOTHES,produces; doesn't produce,,chimney
sleamhnán,item_620,OUTSIDE THINGS,produces; doesn't produce,,sleamhnán
slide,item_621,OUTSIDE THINGS,produces; doesn't produce,,slide
sneachta,item_622,OUTSIDE THINGS,produces; doesn't produce,,sneachta
snow,item_623,OUTSIDE THINGS,produces; doesn't produce,,snow
spéir,item_624,OUTSIDE THINGS,produces; doesn't produce,,spéir
sky,item_625,OUTSIDE THINGS,produces; doesn't produce,,sky
sráid,item_626,OUTSIDE THINGS,produces; doesn't produce,,sráid
street,item_627,TOYS,produces; doesn't produce,,street
uisce,item_628,OUTSIDE THINGS,produces; doesn't produce,,uisce
water,item_629,OUTSIDE THINGS,produces; doesn't produce,,water
abhaile,item_630,PLACES TO GO,produces; doesn't produce,,abhaile_baile
home,item_631,PLACES TO GO,produces; doesn't produce,,home
aifreann,item_632,PLACES TO GO,produces; doesn't produce,,aifreann
mass,item_633,PLACES TO GO,produces; doesn't produce,,mass
amuigh,item_634,PLACES TO GO,produces; doesn't produce,,amuigh
outside,item_635,PLACES TO GO,produces; doesn't produce,,outside
campáil,item_636,PLACES TO GO,produces; doesn't produce,,campáil
camping,item_637,PLACES TO GO,produces; doesn't produce,,camping
cathair,item_638,PLACES TO GO,produces; doesn't produce,,cathair_bailemór
city,item_639,PLACES TO GO,produces; doesn't produce,,city_town
coillte,item_640,PLACES TO GO,produces; doesn't produce,,coillte_coill
forest,item_641,PLACES TO GO,produces; doesn't produce,,forest
cóisir,item_642,PLACES TO GO,produces; doesn't produce,,cóisir
party,item_643,PLACES TO GO,produces; doesn't produce,,party
feirm,item_644,PLACES TO GO,produces; doesn't produce,,feirm
farm,item_645,PLACES TO GO,produces; doesn't produce,,farm
gort,item_646,PLACES TO GO,produces; doesn't produce,,gort_garraí
field,item_647,PLACES TO GO,produces; doesn't produce,,field
istigh,item_648,PLACES TO GO,produces; doesn't produce,,istigh
inside,item_649,PLACES TO GO,produces; doesn't produce,,inside
obair,item_650,PLACES TO GO,produces; doesn't produce,,obair
work,item_651,PLACES TO GO,produces; doesn't produce,,work
ospidéal,item_652,PLACES TO GO,produces; doesn't produce,,ospidéal
hospital,item_653,PLACES TO GO,produces; doesn't produce,,hospital
páirc,item_654,PLACES TO GO,produces; doesn't produce,,páirc
park,item_655,PLACES TO GO,produces; doesn't produce,,park
naíonra,item_656,PLACES TO GO,produces; doesn't produce,,naíonra
playschool,item_657,PLACES TO GO,produces; doesn't produce,,playschool
naíolann,item_658,PLACES TO GO,produces; doesn't produce,,naíolann
creche,item_659,PLACES TO GO,produces; doesn't produce,,creche
picnicie,item_660,PLACES TO GO,produces; doesn't produce,,picnicie
scoil,item_661,PLACES TO GO,produces; doesn't produce,,scoil
school,item_662,PLACES TO GO,produces; doesn't produce,,school
siopa,item_663,PLACES TO GO,produces; doesn't produce,,siopa
shop,item_664,PLACES TO GO,produces; doesn't produce,,shop
circus,item_665,PLACES TO GO,produces; doesn't produce,,circus_sorcas_ie
teach,item_666,PLACES TO GO,produces; doesn't produce,,teach_tigh
house,item_667,PLACES TO GO,produces; doesn't produce,,house
trá,item_668,PLACES TO GO,produces; doesn't produce,,trá_tráigh
beach,item_669,PLACES TO GO,produces; doesn't produce,,beach
zú,item_670,PLACES TO GO,produces; doesn't produce,,zú
zoo,item_671,PLACES TO GO,produces; doesn't produce,,zoo
ainmféinanpháiste,item_672,ANIMALS (Real or toy),produces; doesn't produce,,ainmféinanpháiste
childsownname,item_673,CLOTHES,produces; doesn't produce,,childsownname
ainmfeighlípáistí,item_674,ANIMALS (Real or toy),produces; doesn't produce,,ainmfeighlípáistí
babysittername,item_675,ANIMALS (Real or toy),produces; doesn't produce,,babysittername
ainmpeata,item_676,ANIMALS (Real or toy),produces; doesn't produce,,ainmpeata
petname,item_677,PREPOSITIONAL PRONOUNS (IRISH ONLY),produces; doesn't produce,,petname
aintín,item_678,ANIMALS (Real or toy),produces; doesn't produce,,aintín
aunty,item_679,ANIMALS (Real or toy),produces; doesn't produce,,aunty
bean,item_680,PEOPLE *or words used in your family,produces; doesn't produce,,bean
woman,item_681,OUTSIDE THINGS,produces; doesn't produce,,woman
buachaill,item_682,PEOPLE *or words used in your family,produces; doesn't produce,,buachaill_garsún
boy,item_683,OUTSIDE THINGS,produces; doesn't produce,,boy
cailín,item_684,CLOTHES,produces; doesn't produce,,cailín
girl,item_685,PEOPLE *or words used in your family,produces; doesn't produce,,girl
cara,item_686,CLOTHES,produces; doesn't produce,,cara
friend,item_687,PEOPLE *or words used in your family,produces; doesn't produce,,friend
colceathrar,item_688,CLOTHES,produces; doesn't produce,,colceathrar
cousin,item_689,CLOTHES,produces; doesn't produce,,cousin
daideo,item_690,ANIMALS (Real or toy),produces; doesn't produce,,daideo
grandad,item_691,PEOPLE *or words used in your family,produces; doesn't produce,,grandad
daidí,item_692,ANIMALS (Real or toy),produces; doesn't produce,,daidí_daddy
daoine,item_693,ANIMALS (Real or toy),produces; doesn't produce,,daoine
people,item_694,PREPOSITIONAL PRONOUNS (IRISH ONLY),produces; doesn't produce,,people
deartháir,item_695,PEOPLE *or words used in your family,produces; doesn't produce,,deartháir
brother,item_696,PEOPLE *or words used in your family,produces; doesn't produce,,brother
deirfiúr,item_697,PEOPLE *or words used in your family,produces; doesn't produce,,deirfiúr
sister,item_698,PEOPLE *or words used in your family,produces; doesn't produce,,sister
dochtúir,item_699,OUTSIDE THINGS,produces; doesn't produce,,dochtúir
doctor,item_700,OUTSIDE THINGS,produces; doesn't produce,,doctor
duine,item_701,PEOPLE *or words used in your family,produces; doesn't produce,,duine
person,item_702,PREPOSITIONAL PRONOUNS (IRISH ONLY),produces; doesn't produce,,person
fear,item_703,PEOPLE *or words used in your family,produces; doesn't produce,,fear
man,item_704,ANIMALS (Real or toy),produces; doesn't produce,,man
feardóiteáin,item_705,PEOPLE *or words used in your family,produces; doesn't produce,,feardóiteáin
fireman,item_706,PEOPLE *or words used in your family,produces; doesn't produce,,fireman
feargrinn,item_707,PEOPLE *or words used in your family,produces; doesn't produce,,feargrinn
clown,item_708,CLOTHES,produces; doesn't produce,,clown
fearanphoist,item_709,PEOPLE *or words used in your family,produces; doesn't produce,,fearanphoist
postman,item_710,PREPOSITIONAL PRONOUNS (IRISH ONLY),produces; doesn't produce,,postman
feirmeoir,item_711,PEOPLE *or words used in your family,produces; doesn't produce,,feirmeoir
farmer,item_712,ANIMALS (Real or toy),produces; doesn't produce,,farmer
fiaclóir,item_713,PEOPLE *or words used in your family,produces; doesn't produce,,fiaclóir
dentist,item_714,PEOPLE *or words used in your family,produces; doesn't produce,,dentist
garda,item_715,ANIMALS (Real or toy),produces; doesn't produce,,garda
policeman,item_716,PREPOSITIONAL PRONOUNS (IRISH ONLY),produces; doesn't produce,,policeman_guard
gruagaire,item_717,PEOPLE *or words used in your family,produces; doesn't produce,,gruagaire
hairdresser,item_718,ANIMALS (Real or toy),produces; doesn't produce,,hairdresser
leanbh,item_719,PEOPLE *or words used in your family,produces; doesn't produce,,leanbh_babaí
baby,item_720,ANIMALS (Real or toy),produces; doesn't produce,,baby
mamaí,item_721,ANIMALS (Real or toy),produces; doesn't produce,,mamaí_mammy
mamó,item_722,ANIMALS (Real or toy),produces; doesn't produce,,mamó
granny,item_723,PEOPLE *or words used in your family,produces; doesn't produce,,granny
múinteoir,item_724,PEOPLE *or words used in your family,produces; doesn't produce,,múinteoir
teacher,item_725,TOYS,produces; doesn't produce,,teacher
páiste,item_726,PREPOSITIONAL PRONOUNS (IRISH ONLY),produces; doesn't produce,,páiste
child,item_727,CLOTHES,produces; doesn't produce,,child
uncail,item_728,PEOPLE *or words used in your family,produces; doesn't produce,,uncail_uncle
amhrán,item_729,"GAMES, ROUTINES AND PHRASES",produces; doesn't produce,,amhrán
song,item_730,"GAMES, ROUTINES AND PHRASES",produces; doesn't produce,,song
gfranmuicínseo(no,item_731,FURNITURE AND ROOMS,produces; doesn't produce,,gfranmuicínseo(no_rann_eile）
thislittlepiggy,item_732,"GAMES, ROUTINES AND PHRASES",produces; doesn't produce,,thislittlepiggy
barróg,item_733,"GAMES, ROUTINES AND PHRASES",produces; doesn't produce,,barróg
hug,item_734,"GAMES, ROUTINES AND PHRASES",produces; doesn't produce,,hug
grbéarfaidhméort,item_735,"GAMES, ROUTINES AND PHRASES",produces; doesn't produce,,grbéarfaidhméort
gonnagetyou,item_736,"GAMES, ROUTINES AND PHRASES",produces; doesn't produce,,gonnagetyou
bricfeasta,item_737,"GAMES, ROUTINES AND PHRASES",produces; doesn't produce,,bricfeasta
breakfast,item_738,"GAMES, ROUTINES AND PHRASES",produces; doesn't produce,,breakfast
castimpeall,item_739,"GAMES, ROUTINES AND PHRASES",produces; doesn't produce,,castimpeall
turnaround,item_740,"GAMES, ROUTINES AND PHRASES",produces; doesn't produce,,turnaround
chímthú,item_741,"GAMES, ROUTINES AND PHRASES",produces; doesn't produce,,chímthú
iseeyou,item_742,"GAMES, ROUTINES AND PHRASES",produces; doesn't produce,,iseeyou
chomhmór,item_743,"GAMES, ROUTINES AND PHRASES",produces; doesn't produce,,chomhmór_mórmillteach
sobig,item_744,"GAMES, ROUTINES AND PHRASES",produces; doesn't produce,,sobig
diadhuit,item_745,"GAMES, ROUTINES AND PHRASES",produces; doesn't produce,,diadhuit
hello,item_746,"GAMES, ROUTINES AND PHRASES",produces; doesn't produce,,hello
dinnéar,item_747,"GAMES, ROUTINES AND PHRASES",produces; doesn't produce,,dinnéar
dinner,item_748,"GAMES, ROUTINES AND PHRASES",produces; doesn't produce,,dinner
folcadh,item_749,"GAMES, ROUTINES AND PHRASES",produces; doesn't produce,,folcadh
bath,item_750,"GAMES, ROUTINES AND PHRASES",produces; doesn't produce,,bath
glaoch(gutháin0,item_751,"GAMES, ROUTINES AND PHRASES",produces; doesn't produce,,glaoch(gutháin0
phonecall(call),item_752,"GAMES, ROUTINES AND PHRASES",produces; doesn't produce,,phonecall(call)
(goraibh)maithagat,item_753,"GAMES, ROUTINES AND PHRASES",produces; doesn't produce,,(goraibh)maithagat
thankyou,item_754,"GAMES, ROUTINES AND PHRASES",produces; doesn't produce,,thankyou_thanks
gráin,item_755,"GAMES, ROUTINES AND PHRASES",produces; doesn't produce,,gráin
cuddle,item_756,"GAMES, ROUTINES AND PHRASES",produces; doesn't produce,,cuddle
gabhanseo,item_757,"GAMES, ROUTINES AND PHRASES",produces; doesn't produce,,gabhanseo_goitse
cmere,item_758,"GAMES, ROUTINES AND PHRASES",produces; doesn't produce,,cmere
inaonchor,item_759,"GAMES, ROUTINES AND PHRASES",produces; doesn't produce,,inaonchor
atall,item_760,"GAMES, ROUTINES AND PHRASES",produces; doesn't produce,,atall
(is)maith,item_761,"GAMES, ROUTINES AND PHRASES",produces; doesn't produce,,(is)maith_tiaghníonnle
ilike,item_762,"GAMES, ROUTINES AND PHRASES",produces; doesn't produce,,ilike
(is)breáliom,item_763,"GAMES, ROUTINES AND PHRASES",produces; doesn't produce,,(is)breáliom
ilove,item_764,"GAMES, ROUTINES AND PHRASES",produces; doesn't produce,,ilove
(is)liomsaé,item_765,"GAMES, ROUTINES AND PHRASES",produces; doesn't produce,,(is)liomsaé
mine,item_766,"GAMES, ROUTINES AND PHRASES",produces; doesn't produce,,mine
másédothoil,item_767,"GAMES, ROUTINES AND PHRASES",produces; doesn't produce,,másédothoil_ledothoil
please,item_768,"GAMES, ROUTINES AND PHRASES",produces; doesn't produce,,please
lón,item_769,"GAMES, ROUTINES AND PHRASES",produces; doesn't produce,,lón
lunch,item_770,"GAMES, ROUTINES AND PHRASES",produces; doesn't produce,,lunch
grpnímaith,item_771,PEOPLE *or words used in your family,produces; doesn't produce,,grpnímaith
dontlike,item_772,"GAMES, ROUTINES AND PHRASES",produces; doesn't produce,,dontlike
nfheadar,item_773,"GAMES, ROUTINES AND PHRASES",produces; doesn't produce,,nfheadar
dunno,item_774,"GAMES, ROUTINES AND PHRASES",produces; doesn't produce,,dunno
no,item_775,"GAMES, ROUTINES AND PHRASES",produces; doesn't produce,,no_neó_ie
oíchemaith,item_776,"GAMES, ROUTINES AND PHRASES",produces; doesn't produce,,oíchemaith
goodnight,item_777,"GAMES, ROUTINES AND PHRASES",produces; doesn't produce,,goodnight
póigín,item_778,"GAMES, ROUTINES AND PHRASES",produces; doesn't produce,,póigín
kiss,item_779,"GAMES, ROUTINES AND PHRASES",produces; doesn't produce,,kiss
yea,item_780,"GAMES, ROUTINES AND PHRASES",produces; doesn't produce,,yea_sea
seachain,item_781,"GAMES, ROUTINES AND PHRASES",produces; doesn't produce,,seachain
lookout,item_782,"GAMES, ROUTINES AND PHRASES",produces; doesn't produce,,lookout
shh,item_783,"GAMES, ROUTINES AND PHRASES",produces; doesn't produce,,shh_shush_ie
siopadóireacht,item_784,"GAMES, ROUTINES AND PHRASES",produces; doesn't produce,,siopadóireacht
shopping,item_785,"GAMES, ROUTINES AND PHRASES",produces; doesn't produce,,shopping
slán,item_786,"GAMES, ROUTINES AND PHRASES",produces; doesn't produce,,slán
bye,item_787,"GAMES, ROUTINES AND PHRASES",produces; doesn't produce,,bye
gfttabhardom,item_788,TOYS,produces; doesn't produce,,gfttabhardom
gimme,item_789,"GAMES, ROUTINES AND PHRASES",produces; doesn't produce,,gimme
abair,item_790,ANIMALS (Real or toy),produces; doesn't produce,,abair
say,item_791,ANIMALS (Real or toy),produces; doesn't produce,,say
aithin,item_792,ANIMALS (Real or toy),produces; doesn't produce,,aithin
knowp,item_793,ANIMALS (Real or toy),produces; doesn't produce,,knowp
ardaigh,item_794,ANIMALS (Real or toy),produces; doesn't produce,,ardaigh
lift,item_795,ANIMALS (Real or toy),produces; doesn't produce,,lift
bain,item_796,ANIMALS (Real or toy),produces; doesn't produce,,bain
take,item_797,TOYS,produces; doesn't produce,,take
beir(ar),item_798,ANIMALS (Real or toy),produces; doesn't produce,,beir(ar)
catch,item_799,CLOTHES,produces; doesn't produce,,catch
blais,item_800,ANIMALS (Real or toy),produces; doesn't produce,,blais_tástáil
taste,item_801,TOYS,produces; doesn't produce,,taste
bolaigh,item_802,ANIMALS (Real or toy),produces; doesn't produce,,bolaigh
smell,item_803,ANIMALS (Real or toy),produces; doesn't produce,,smell
bris,item_804,ANIMALS (Real or toy),produces; doesn't produce,,bris
break,item_805,ANIMALS (Real or toy),produces; doesn't produce,,break
cuimil,item_806,CLOTHES,produces; doesn't produce,,cuimil
wipe,item_807,ANIMALS (Real or toy),produces; doesn't produce,,wipe
cuir,item_808,CLOTHES,produces; doesn't produce,,cuir
put,item_809,ANIMALS (Real or toy),produces; doesn't produce,,put
damhsaigh,item_810,ANIMALS (Real or toy),produces; doesn't produce,,damhsaigh_rinc
dance,item_811,ANIMALS (Real or toy),produces; doesn't produce,,dance
dathaigh,item_812,ANIMALS (Real or toy),produces; doesn't produce,,dathaigh
colour,item_813,CLOTHES,produces; doesn't produce,,colour
déan,item_814,ANIMALS (Real or toy),produces; doesn't produce,,déan_dein
do,item_815,ANIMALS (Real or toy),produces; doesn't produce,,do
doirt,item_816,ANIMALS (Real or toy),produces; doesn't produce,,doirt_sil
spill,item_817,ANIMALS (Real or toy),produces; doesn't produce,,spill
dreap,item_818,ANIMALS (Real or toy),produces; doesn't produce,,dreap
climb,item_819,CLOTHES,produces; doesn't produce,,climb
dúisigh,item_820,ANIMALS (Real or toy),produces; doesn't produce,,dúisigh
wake,item_821,ANIMALS (Real or toy),produces; doesn't produce,,wake
oscail,item_822,OUTSIDE THINGS,produces; doesn't produce,,oscail
open,item_823,OUTSIDE THINGS,produces; doesn't produce,,open
péinteáíl,item_824,ANIMALS (Real or toy),produces; doesn't produce,,péinteáíl
paint,item_825,ANIMALS (Real or toy),produces; doesn't produce,,paint
pioc,item_826,ANIMALS (Real or toy),produces; doesn't produce,,pioc
pick,item_827,ANIMALS (Real or toy),produces; doesn't produce,,pick
póg,item_828,ANIMALS (Real or toy),produces; doesn't produce,,póg
kiss,item_829,ANIMALS (Real or toy),produces; doesn't produce,,kiss
réab,item_830,ANIMALS (Real or toy),produces; doesn't produce,,réab_srac_stróic
tear,item_831,TOYS,produces; doesn't produce,,tear_rip
rith,item_832,ANIMALS (Real or toy),produces; doesn't produce,,rith
run,item_833,ANIMALS (Real or toy),produces; doesn't produce,,run
roinn,item_834,ANIMALS (Real or toy),produces; doesn't produce,,roinn
share,item_835,ANIMALS (Real or toy),produces; doesn't produce,,share
sceamh,item_836,ANIMALS (Real or toy),produces; doesn't produce,,sceamh_tafann
bark,item_837,ANIMALS (Real or toy),produces; doesn't produce,,bark
brostaigh,item_838,ANIMALS (Real or toy),produces; doesn't produce,,brostaigh_déindeifir
hurry,item_839,ANIMALS (Real or toy),produces; doesn't produce,,hurry
brúigh,item_840,ANIMALS (Real or toy),produces; doesn't produce,,brúigh
push,item_841,ANIMALS (Real or toy),produces; doesn't produce,,push
buaigh,item_842,ANIMALS (Real or toy),produces; doesn't produce,,buaigh
win,item_843,ANIMALS (Real or toy),produces; doesn't produce,,win
buail,item_844,ANIMALS (Real or toy),produces; doesn't produce,,buail
hit,item_845,ANIMALS (Real or toy),produces; doesn't produce,,hit
bualadhbos,item_846,ANIMALS (Real or toy),produces; doesn't produce,,bualadhbos
clap,item_847,CLOTHES,produces; doesn't produce,,clap
cabhraigh,item_848,CLOTHES,produces; doesn't produce,,cabhraigh
help,item_849,ANIMALS (Real or toy),produces; doesn't produce,,help
labhair,item_850,ANIMALS (Real or toy),produces; doesn't produce,,labhair_caintigh
talk,item_851,TOYS,produces; doesn't produce,,talk
caith,item_852,CLOTHES,produces; doesn't produce,,caith
throw,item_853,TOYS,produces; doesn't produce,,throw
can,item_854,CLOTHES,produces; doesn't produce,,can
sing,item_855,ANIMALS (Real or toy),produces; doesn't produce,,sing
caoin,item_856,CLOTHES,produces; doesn't produce,,caoin_goil
cry,item_857,CLOTHES,produces; doesn't produce,,cry
cas,item_858,CLOTHES,produces; doesn't produce,,cas_iompaigh
turn,item_859,TOYS,produces; doesn't produce,,turn
ceannaigh,item_860,CLOTHES,produces; doesn't produce,,ceannaigh
buy,item_861,ANIMALS (Real or toy),produces; doesn't produce,,buy
ceap,item_862,CLOTHES,produces; doesn't produce,,ceap_meas
think,item_863,TOYS,produces; doesn't produce,,think
ciceáil,item_864,CLOTHES,produces; doesn't produce,,ciceáil
kick,item_865,ANIMALS (Real or toy),produces; doesn't produce,,kick
cigil,item_866,CLOTHES,produces; doesn't produce,,cigil
tickle,item_867,TOYS,produces; doesn't produce,,tickle
cíor,item_868,CLOTHES,produces; doesn't produce,,cíor
comb,item_869,CLOTHES,produces; doesn't produce,,comb
clois,item_870,CLOTHES,produces; doesn't produce,,clois
hear,item_871,ANIMALS (Real or toy),produces; doesn't produce,,hear
clúdaigh,item_872,CLOTHES,produces; doesn't produce,,clúdaigh
cover,item_873,CLOTHES,produces; doesn't produce,,cover
cnag,item_874,CLOTHES,produces; doesn't produce,,cnag
knock,item_875,ANIMALS (Real or toy),produces; doesn't produce,,knock
cócaráil,item_876,CLOTHES,produces; doesn't produce,,cócaráil
cook,item_877,CLOTHES,produces; doesn't produce,,cook
codail,item_878,CLOTHES,produces; doesn't produce,,codail
sleep,item_879,ANIMALS (Real or toy),produces; doesn't produce,,sleep
coimeád,item_880,CLOTHES,produces; doesn't produce,,coimeád_coinnigh
keep,item_881,ANIMALS (Real or toy),produces; doesn't produce,,keep
críochnaigh,item_882,CLOTHES,produces; doesn't produce,,críochnaigh
finish,item_883,ANIMALS (Real or toy),produces; doesn't produce,,finish
croith,item_884,CLOTHES,produces; doesn't produce,,croith
wave,item_885,ANIMALS (Real or toy),produces; doesn't produce,,wave
dún,item_886,ANIMALS (Real or toy),produces; doesn't produce,,dún
close,item_887,CLOTHES,produces; doesn't produce,,close
éist,item_888,ANIMALS (Real or toy),produces; doesn't produce,,éist
listen,item_889,ANIMALS (Real or toy),produces; doesn't produce,,listen
fág,item_890,ANIMALS (Real or toy),produces; doesn't produce,,fág
leave,item_891,ANIMALS (Real or toy),produces; doesn't produce,,leave
faigh,item_892,ANIMALS (Real or toy),produces; doesn't produce,,faigh
find,item_893,ANIMALS (Real or toy),produces; doesn't produce,,find_get
fan,item_894,ANIMALS (Real or toy),produces; doesn't produce,,fan
wait,item_895,ANIMALS (Real or toy),produces; doesn't produce,,wait
féach,item_896,ANIMALS (Real or toy),produces; doesn't produce,,féach_breathnaigh
look,item_897,ANIMALS (Real or toy),produces; doesn't produce,,look
feic,item_898,ANIMALS (Real or toy),produces; doesn't produce,,feic_cíonn
see,item_899,ANIMALS (Real or toy),produces; doesn't produce,,see
gáir,item_900,ANIMALS (Real or toy),produces; doesn't produce,,gáir
laugh,item_901,ANIMALS (Real or toy),produces; doesn't produce,,laugh
gearr,item_902,ANIMALS (Real or toy),produces; doesn't produce,,gearr
cut,item_903,CLOTHES,produces; doesn't produce,,cut
glan,item_904,ANIMALS (Real or toy),produces; doesn't produce,,glan
clean,item_905,CLOTHES,produces; doesn't produce,,clean
imir,item_906,ANIMALS (Real or toy),produces; doesn't produce,,imir_agspraoi
play,item_907,ANIMALS (Real or toy),produces; doesn't produce,,play
inis,item_908,ANIMALS (Real or toy),produces; doesn't produce,,inis
tell,item_909,TOYS,produces; doesn't produce,,tell
ith,item_910,ANIMALS (Real or toy),produces; doesn't produce,,ith
eat,item_911,ANIMALS (Real or toy),produces; doesn't produce,,eat
léigh,item_912,ANIMALS (Real or toy),produces; doesn't produce,,léigh
read,item_913,ANIMALS (Real or toy),produces; doesn't produce,,read
léim,item_914,ANIMALS (Real or toy),produces; doesn't produce,,léim
jump,item_915,ANIMALS (Real or toy),produces; doesn't produce,,jump
ligh,item_916,ANIMALS (Real or toy),produces; doesn't produce,,ligh
lick,item_917,ANIMALS (Real or toy),produces; doesn't produce,,lick
línigh,item_918,ANIMALS (Real or toy),produces; doesn't produce,,línigh_tarraing
draw,item_919,ANIMALS (Real or toy),produces; doesn't produce,,draw
luasc,item_920,ANIMALS (Real or toy),produces; doesn't produce,,luasc
swing,item_921,ANIMALS (Real or toy),produces; doesn't produce,,swing
luighsíos,item_922,ANIMALS (Real or toy),produces; doesn't produce,,luighsíos
liedown,item_923,ANIMALS (Real or toy),produces; doesn't produce,,liedown
magadh,item_924,ANIMALS (Real or toy),produces; doesn't produce,,magadh
joke,item_925,ANIMALS (Real or toy),produces; doesn't produce,,joke
miongháire,item_926,ANIMALS (Real or toy),produces; doesn't produce,,miongháire
smile,item_927,ANIMALS (Real or toy),produces; doesn't produce,,smile
nigh,item_928,ANIMALS (Real or toy),produces; doesn't produce,,nigh
wash,item_929,ANIMALS (Real or toy),produces; doesn't produce,,wash
oibrigh,item_930,OUTSIDE THINGS,produces; doesn't produce,,oibrigh
work,item_931,ANIMALS (Real or toy),produces; doesn't produce,,work
ól,item_932,OUTSIDE THINGS,produces; doesn't produce,,ól
drink,item_933,ANIMALS (Real or toy),produces; doesn't produce,,drink
sciorr,item_934,ANIMALS (Real or toy),produces; doesn't produce,,sciorr_sleamhnaigh
slide,item_935,ANIMALS (Real or toy),produces; doesn't produce,,slide
scríobh,item_936,ANIMALS (Real or toy),produces; doesn't produce,,scríobh
write,item_937,ANIMALS (Real or toy),produces; doesn't produce,,write
scuab,item_938,ANIMALS (Real or toy),produces; doesn't produce,,scuab
brush,item_939,ANIMALS (Real or toy),produces; doesn't produce,,brush
seas,item_940,ANIMALS (Real or toy),produces; doesn't produce,,seas
stand,item_941,ANIMALS (Real or toy),produces; doesn't produce,,stand
séid,item_942,ANIMALS (Real or toy),produces; doesn't produce,,séid
blow,item_943,ANIMALS (Real or toy),produces; doesn't produce,,blow
siúl,item_944,ANIMALS (Real or toy),produces; doesn't produce,,siúl
walk,item_945,ANIMALS (Real or toy),produces; doesn't produce,,walk
snámh,item_946,ANIMALS (Real or toy),produces; doesn't produce,,snámh
swim,item_947,ANIMALS (Real or toy),produces; doesn't produce,,swim
socraigh,item_948,ANIMALS (Real or toy),produces; doesn't produce,,socraigh
fix,item_949,ANIMALS (Real or toy),produces; doesn't produce,,fix
stad,item_950,ANIMALS (Real or toy),produces; doesn't produce,,stad_stop
stop,item_951,ANIMALS (Real or toy),produces; doesn't produce,,stop
steall,item_952,ANIMALS (Real or toy),produces; doesn't produce,,steall_steanc
splash,item_953,ANIMALS (Real or toy),produces; doesn't produce,,splash
suigh(síos),item_954,ANIMALS (Real or toy),produces; doesn't produce,,suigh(síos)
sit(down),item_955,ANIMALS (Real or toy),produces; doesn't produce,,sit(down)
tabhair,item_956,TOYS,produces; doesn't produce,,tabhair
give,item_957,ANIMALS (Real or toy),produces; doesn't produce,,give_bring
taispeáin,item_958,TOYS,produces; doesn't produce,,taispeáin
show,item_959,ANIMALS (Real or toy),produces; doesn't produce,,show
tar,item_960,TOYS,produces; doesn't produce,,tar_gabh
come,item_961,CLOTHES,produces; doesn't produce,,come
tarraing,item_962,TOYS,produces; doesn't produce,,tarraing
pull,item_963,ANIMALS (Real or toy),produces; doesn't produce,,pull
téigh,item_964,TOYS,produces; doesn't produce,,téigh_imigh
go,item_965,ANIMALS (Real or toy),produces; doesn't produce,,go
tiomáin,item_966,TOYS,produces; doesn't produce,,tiomáin
drive,item_967,ANIMALS (Real or toy),produces; doesn't produce,,drive
tit,item_968,TOYS,produces; doesn't produce,,tit
fall,item_969,ANIMALS (Real or toy),produces; doesn't produce,,fall
tóg,item_970,TOYS,produces; doesn't produce,,tóg
take,item_971,TOYS,produces; doesn't produce,,take_build
tosaigh,item_972,TOYS,produces; doesn't produce,,tosaigh
start,item_973,ANIMALS (Real or toy),produces; doesn't produce,,start
triomaigh,item_974,TOYS,produces; doesn't produce,,triomaigh
dry,item_975,ANIMALS (Real or toy),produces; doesn't produce,,dry
troid,item_976,TOYS,produces; doesn't produce,,troid_bruíon
fight,item_977,ANIMALS (Real or toy),produces; doesn't produce,,fight
tuig,item_978,TOYS,produces; doesn't produce,,tuig
understand,item_979,ANIMALS (Real or toy),produces; doesn't produce,,understand
ard,item_980,ANIMALS (Real or toy),produces; doesn't produce,,ard
high,item_981,DESCRIPTIVE WORDS,produces; doesn't produce,,high
báistí,item_982,DESCRIPTIVE WORDS,produces; doesn't produce,,báistí
rainy,item_983,DESCRIPTIVE WORDS,produces; doesn't produce,,rainy
bán,item_984,DESCRIPTIVE WORDS,produces; doesn't produce,,bán
white,item_985,DESCRIPTIVE WORDS,produces; doesn't produce,,white
beag,item_986,DESCRIPTIVE WORDS,produces; doesn't produce,,beag
small,item_987,DESCRIPTIVE WORDS,produces; doesn't produce,,small
bídeach,item_988,DESCRIPTIVE WORDS,produces; doesn't produce,,bídeach
tiny,item_989,TOYS,produces; doesn't produce,,tiny
bocht,item_990,DESCRIPTIVE WORDS,produces; doesn't produce,,bocht
poor,item_991,PEOPLE *or words used in your family,produces; doesn't produce,,poor
bog,item_992,DESCRIPTIVE WORDS,produces; doesn't produce,,bog
soft,item_993,DESCRIPTIVE WORDS,produces; doesn't produce,,soft
briste,item_994,DESCRIPTIVE WORDS,produces; doesn't produce,,briste
broken,item_995,DESCRIPTIVE WORDS,produces; doesn't produce,,broken
brónach,item_996,DESCRIPTIVE WORDS,produces; doesn't produce,,brónach
sad,item_997,DESCRIPTIVE WORDS,produces; doesn't produce,,sad
buí,item_998,DESCRIPTIVE WORDS,produces; doesn't produce,,buí
yellow,item_999,DESCRIPTIVE WORDS,produces; doesn't produce,,yellow
céad,item_1000,CLOTHES,produces; doesn't produce,,céad
first,item_1001,DESCRIPTIVE WORDS,produces; doesn't produce,,first
ceomhar,item_1002,CLOTHES,produces; doesn't produce,,ceomhar
foggy,item_1003,DESCRIPTIVE WORDS,produces; doesn't produce,,foggy
cineálta,item_1004,CLOTHES,produces; doesn't produce,,cineálta
kind,item_1005,DESCRIPTIVE WORDS,produces; doesn't produce,,kind
ciúin,item_1006,CLOTHES,produces; doesn't produce,,ciúin
quiet,item_1007,DESCRIPTIVE WORDS,produces; doesn't produce,,quiet
corcra,item_1008,CLOTHES,produces; doesn't produce,,corcra
purple,item_1009,PEOPLE *or words used in your family,produces; doesn't produce,,purple
crua,item_1010,CLOTHES,produces; doesn't produce,,crua_deacair
hard,item_1011,DESCRIPTIVE WORDS,produces; doesn't produce,,hard
cúramach,item_1012,CLOTHES,produces; doesn't produce,,cúramach
careful,item_1013,CLOTHES,produces; doesn't produce,,careful
dána,item_1014,DESCRIPTIVE WORDS,produces; doesn't produce,,dána
bold,item_1015,DESCRIPTIVE WORDS,produces; doesn't produce,,bold
dearg,item_1016,DESCRIPTIVE WORDS,produces; doesn't produce,,dearg
red,item_1017,DESCRIPTIVE WORDS,produces; doesn't produce,,red
deireanach,item_1018,DESCRIPTIVE WORDS,produces; doesn't produce,,deireanach
last,item_1019,DESCRIPTIVE WORDS,produces; doesn't produce,,last
gortaithe,item_1020,DESCRIPTIVE WORDS,produces; doesn't produce,,gortaithe
hurt,item_1021,DESCRIPTIVE WORDS,produces; doesn't produce,,hurt
deas,item_1022,DESCRIPTIVE WORDS,produces; doesn't produce,,deas
nice,item_1023,DESCRIPTIVE WORDS,produces; doesn't produce,,nice
déanta,item_1024,DESCRIPTIVE WORDS,produces; doesn't produce,,déanta
finished,item_1025,DESCRIPTIVE WORDS,produces; doesn't produce,,finished
donn,item_1026,DESCRIPTIVE WORDS,produces; doesn't produce,,donn
brown,item_1027,DESCRIPTIVE WORDS,produces; doesn't produce,,brown
dorcha,item_1028,DESCRIPTIVE WORDS,produces; doesn't produce,,dorcha
dark,item_1029,DESCRIPTIVE WORDS,produces; doesn't produce,,dark
dubh,item_1030,DESCRIPTIVE WORDS,produces; doesn't produce,,dubh
black,item_1031,DESCRIPTIVE WORDS,produces; doesn't produce,,black
(ina)codladh,item_1032,DESCRIPTIVE WORDS,produces; doesn't produce,,(ina)codladh
asleep,item_1033,ANIMALS (Real or toy),produces; doesn't produce,,asleep
(ina)dúiseacht,item_1034,DESCRIPTIVE WORDS,produces; doesn't produce,,(ina)dúiseacht
awake,item_1035,ANIMALS (Real or toy),produces; doesn't produce,,awake
éadrom,item_1036,DESCRIPTIVE WORDS,produces; doesn't produce,,éadrom
light,item_1037,DESCRIPTIVE WORDS,produces; doesn't produce,,light
eaglach,item_1038,DESCRIPTIVE WORDS,produces; doesn't produce,,eaglach_scanraithe
scared,item_1039,DESCRIPTIVE WORDS,produces; doesn't produce,,scared
fada,item_1040,DESCRIPTIVE WORDS,produces; doesn't produce,,fada
long,item_1041,DESCRIPTIVE WORDS,produces; doesn't produce,,long
feargach,item_1042,DESCRIPTIVE WORDS,produces; doesn't produce,,feargach_crosta_olc
angry,item_1043,ANIMALS (Real or toy),produces; doesn't produce,,angry_cross
(is)fearr,item_1044,DESCRIPTIVE WORDS,produces; doesn't produce,,(is)fearr
prefer,item_1045,PEOPLE *or words used in your family,produces; doesn't produce,,prefer
fliuch,item_1046,DESCRIPTIVE WORDS,produces; doesn't produce,,fliuch
wet,item_1047,DESCRIPTIVE WORDS,produces; doesn't produce,,wet
folamh,item_1048,DESCRIPTIVE WORDS,produces; doesn't produce,,folamh
empty,item_1049,DESCRIPTIVE WORDS,produces; doesn't produce,,empty
fuar,item_1050,DESCRIPTIVE WORDS,produces; doesn't produce,,fuar
cold,item_1051,CLOTHES,produces; doesn't produce,,cold
gaofar,item_1052,DESCRIPTIVE WORDS,produces; doesn't produce,,gaofar
windy,item_1053,DESCRIPTIVE WORDS,produces; doesn't produce,,windy
gearr,item_1054,DESCRIPTIVE WORDS,produces; doesn't produce,,gearr
short,item_1055,DESCRIPTIVE WORDS,produces; doesn't produce,,short
glan,item_1056,DESCRIPTIVE WORDS,produces; doesn't produce,,glan
clean,item_1057,CLOTHES,produces; doesn't produce,,clean
glas,item_1058,DESCRIPTIVE WORDS,produces; doesn't produce,,glas_uaine
green,item_1059,DESCRIPTIVE WORDS,produces; doesn't produce,,green
gleoite,item_1060,DESCRIPTIVE WORDS,produces; doesn't produce,,gleoite
pretty,item_1061,PEOPLE *or words used in your family,produces; doesn't produce,,pretty
glic,item_1062,DESCRIPTIVE WORDS,produces; doesn't produce,,glic_cliste
clever,item_1063,CLOTHES,produces; doesn't produce,,clever
imithe,item_1064,DESCRIPTIVE WORDS,produces; doesn't produce,,imithe
(all)gone,item_1065,DESCRIPTIVE WORDS,produces; doesn't produce,,(all)gone
mall,item_1066,DESCRIPTIVE WORDS,produces; doesn't produce,,mall
slow,item_1067,DESCRIPTIVE WORDS,produces; doesn't produce,,slow
míshlachtmhar,item_1068,DESCRIPTIVE WORDS,produces; doesn't produce,,míshlachtmhar
messy,item_1069,DESCRIPTIVE WORDS,produces; doesn't produce,,messy
mór,item_1070,DESCRIPTIVE WORDS,produces; doesn't produce,,mór
big,item_1071,DESCRIPTIVE WORDS,produces; doesn't produce,,big
nua,item_1072,DESCRIPTIVE WORDS,produces; doesn't produce,,nua
new,item_1073,DESCRIPTIVE WORDS,produces; doesn't produce,,new
ocrach,item_1074,OUTSIDE THINGS,produces; doesn't produce,,ocrach
hungry,item_1075,DESCRIPTIVE WORDS,produces; doesn't produce,,hungry
oráiste,item_1076,OUTSIDE THINGS,produces; doesn't produce,,oráiste
orange,item_1077,OUTSIDE THINGS,produces; doesn't produce,,orange
ramhar,item_1078,DESCRIPTIVE WORDS,produces; doesn't produce,,ramhar
fat,item_1079,DESCRIPTIVE WORDS,produces; doesn't produce,,fat
salach,item_1080,DESCRIPTIVE WORDS,produces; doesn't produce,,salach
dirty,item_1081,DESCRIPTIVE WORDS,produces; doesn't produce,,dirty
sean,item_1082,DESCRIPTIVE WORDS,produces; doesn't produce,,sean
old,item_1083,OUTSIDE THINGS,produces; doesn't produce,,old
sona,item_1084,DESCRIPTIVE WORDS,produces; doesn't produce,,sona_sásta
happy,item_1085,DESCRIPTIVE WORDS,produces; doesn't produce,,happy
tapa,item_1086,TOYS,produces; doesn't produce,,tapa_sciobtha
fast,item_1087,DESCRIPTIVE WORDS,produces; doesn't produce,,fast
tartmhar,item_1088,TOYS,produces; doesn't produce,,tartmhar
thirsty,item_1089,TOYS,produces; doesn't produce,,thirsty
te,item_1090,TOYS,produces; doesn't produce,,te
hot,item_1091,DESCRIPTIVE WORDS,produces; doesn't produce,,hot
tinn,item_1092,TOYS,produces; doesn't produce,,tinn_breoite
sick,item_1093,DESCRIPTIVE WORDS,produces; doesn't produce,,sick
tirim,item_1094,TOYS,produces; doesn't produce,,tirim
dry,item_1095,DESCRIPTIVE WORDS,produces; doesn't produce,,dry
trom,item_1096,TOYS,produces; doesn't produce,,trom
heavy,item_1097,DESCRIPTIVE WORDS,produces; doesn't produce,,heavy
tuirseach,item_1098,TOYS,produces; doesn't produce,,tuirseach_traochta
tired,item_1099,TOYS,produces; doesn't produce,,tired
uafásach,item_1100,DESCRIPTIVE WORDS,produces; doesn't produce,,uafásach_gohainnis
yucky,item_1101,DESCRIPTIVE WORDS,produces; doesn't produce,,yucky
ullamh,item_1102,DESCRIPTIVE WORDS,produces; doesn't produce,,ullamh_réidh
ready,item_1103,DESCRIPTIVE WORDS,produces; doesn't produce,,ready
am,item_1104,WORDS ABOUT TIME,produces; doesn't produce,,am
time,item_1105,WORDS ABOUT TIME,produces; doesn't produce,,time
amárach,item_1106,WORDS ABOUT TIME,produces; doesn't produce,,amárach
tomorrow,item_1107,WORDS ABOUT TIME,produces; doesn't produce,,tomorrow
anocht,item_1108,WORDS ABOUT TIME,produces; doesn't produce,,anocht
tonight,item_1109,WORDS ABOUT TIME,produces; doesn't produce,,tonight
anois,item_1110,WORDS ABOUT TIME,produces; doesn't produce,,anois
now,item_1111,WORDS ABOUT TIME,produces; doesn't produce,,now
arball,item_1112,WORDS ABOUT TIME,produces; doesn't produce,,arball_niosdéanaí
later,item_1113,WORDS ABOUT TIME,produces; doesn't produce,,later
inné,item_1114,WORDS ABOUT TIME,produces; doesn't produce,,inné
yesterday,item_1115,WORDS ABOUT TIME,produces; doesn't produce,,yesterday
inniu,item_1116,WORDS ABOUT TIME,produces; doesn't produce,,inniu
today,item_1117,WORDS ABOUT TIME,produces; doesn't produce,,today
lá,item_1118,WORDS ABOUT TIME,produces; doesn't produce,,lá
day,item_1119,WORDS ABOUT TIME,produces; doesn't produce,,day
maidin,item_1120,WORDS ABOUT TIME,produces; doesn't produce,,maidin
morning,item_1121,WORDS ABOUT TIME,produces; doesn't produce,,morning
oíche,item_1122,WORDS ABOUT TIME,produces; doesn't produce,,oíche
night,item_1123,WORDS ABOUT TIME,produces; doesn't produce,,night
taréis,item_1124,WORDS ABOUT TIME,produces; doesn't produce,,taréis
after,item_1125,WORDS ABOUT TIME,produces; doesn't produce,,after
tráthnóna,item_1126,WORDS ABOUT TIME,produces; doesn't produce,,tráthnóna
afternoon,item_1127,WORDS ABOUT TIME,produces; doesn't produce,,afternoon
a,item_1128,ANIMALS (Real or toy),produces; doesn't produce,,a
his,item_1129,PEOPLE *or words used in your family,produces; doesn't produce,,his
her,item_1130,PEOPLE *or words used in your family,produces; doesn't produce,,her
their,item_1131,TOYS,produces; doesn't produce,,their
ár,item_1132,ANIMALS (Real or toy),produces; doesn't produce,,ár
our,item_1133,OUTSIDE THINGS,produces; doesn't produce,,our
ceann,item_1134,CLOTHES,produces; doesn't produce,,ceann
one,item_1135,OUTSIDE THINGS,produces; doesn't produce,,one
do,item_1136,PEOPLE *or words used in your family,produces; doesn't produce,,do
yoursg,item_1137,PEOPLE *or words used in your family,produces; doesn't produce,,yoursg
é,item_1138,PEOPLE *or words used in your family,produces; doesn't produce,,é_eisean
it(m),item_1139,PEOPLE *or words used in your family,produces; doesn't produce,,it(m)
féin,item_1140,PEOPLE *or words used in your family,produces; doesn't produce,,féin
(my)self,item_1141,PEOPLE *or words used in your family,produces; doesn't produce,,(my)self
í,item_1142,PEOPLE *or words used in your family,produces; doesn't produce,,í_ise
she,item_1143,PEOPLE *or words used in your family,produces; doesn't produce,,she
her,item_1144,PEOPLE *or words used in your family,produces; doesn't produce,,her_A
it,item_1145,PEOPLE *or words used in your family,produces; doesn't produce,,it
iad,item_1146,PEOPLE *or words used in your family,produces; doesn't produce,,iad_iadsan
they,item_1147,TOYS,produces; doesn't produce,,they
them,item_1148,TOYS,produces; doesn't produce,,them
mé,item_1149,PEOPLE *or words used in your family,produces; doesn't produce,,mé
me,item_1150,PEOPLE *or words used in your family,produces; doesn't produce,,me
miseie,item_1151,PEOPLE *or words used in your family,produces; doesn't produce,,miseie
mo,item_1152,PEOPLE *or words used in your family,produces; doesn't produce,,mo
my,item_1153,PEOPLE *or words used in your family,produces; doesn't produce,,my
muid,item_1154,PEOPLE *or words used in your family,produces; doesn't produce,,muid_sinn
we,item_1155,PEOPLE *or words used in your family,produces; doesn't produce,,we_us
sé,item_1156,PEOPLE *or words used in your family,produces; doesn't produce,,sé
hesub,item_1157,PEOPLE *or words used in your family,produces; doesn't produce,,hesub
seo,item_1158,PEOPLE *or words used in your family,produces; doesn't produce,,seo
this,item_1159,TOYS,produces; doesn't produce,,this
sí,item_1160,PEOPLE *or words used in your family,produces; doesn't produce,,sí
shesub,item_1161,PEOPLE *or words used in your family,produces; doesn't produce,,shesub
siad,item_1162,PEOPLE *or words used in your family,produces; doesn't produce,,siad
they,item_1163,TOYS,produces; doesn't produce,,they_A
sibh,item_1164,PEOPLE *or words used in your family,produces; doesn't produce,,sibh_sibhse
youpl,item_1165,PEOPLE *or words used in your family,produces; doesn't produce,,youpl
sin,item_1166,PEOPLE *or words used in your family,produces; doesn't produce,,sin_san
that,item_1167,TOYS,produces; doesn't produce,,that
tú,item_1168,TOYS,produces; doesn't produce,,tú
yousg,item_1169,PEOPLE *or words used in your family,produces; doesn't produce,,yousg
tusa,item_1170,TOYS,produces; doesn't produce,,tusa
agam,item_1171,PREPOSITIONAL PRONOUNS (IRISH ONLY),produces; doesn't produce,,agam
agat,item_1172,PREPOSITIONAL PRONOUNS (IRISH ONLY),produces; doesn't produce,,agat
aige,item_1173,PREPOSITIONAL PRONOUNS (IRISH ONLY),produces; doesn't produce,,aige
aici,item_1174,PREPOSITIONAL PRONOUNS (IRISH ONLY),produces; doesn't produce,,aici
againn,item_1175,PREPOSITIONAL PRONOUNS (IRISH ONLY),produces; doesn't produce,,againn
dom,item_1176,PREPOSITIONAL PRONOUNS (IRISH ONLY),produces; doesn't produce,,dom
duit,item_1177,PREPOSITIONAL PRONOUNS (IRISH ONLY),produces; doesn't produce,,duit
dúinn,item_1178,PREPOSITIONAL PRONOUNS (IRISH ONLY),produces; doesn't produce,,dúinn
liom,item_1179,PREPOSITIONAL PRONOUNS (IRISH ONLY),produces; doesn't produce,,liom
leat,item_1180,PREPOSITIONAL PRONOUNS (IRISH ONLY),produces; doesn't produce,,leat
leis,item_1181,PREPOSITIONAL PRONOUNS (IRISH ONLY),produces; doesn't produce,,leis
leí,item_1182,PREPOSITIONAL PRONOUNS (IRISH ONLY),produces; doesn't produce,,leí
linn,item_1183,PREPOSITIONAL PRONOUNS (IRISH ONLY),produces; doesn't produce,,linn
orm,item_1184,PREPOSITIONAL PRONOUNS (IRISH ONLY),produces; doesn't produce,,orm
ort,item_1185,PREPOSITIONAL PRONOUNS (IRISH ONLY),produces; doesn't produce,,ort
air,item_1186,PREPOSITIONAL PRONOUNS (IRISH ONLY),produces; doesn't produce,,air
uirthi,item_1187,PREPOSITIONAL PRONOUNS (IRISH ONLY),produces; doesn't produce,,uirthi
orainn,item_1188,PREPOSITIONAL PRONOUNS (IRISH ONLY),produces; doesn't produce,,orainn
díom,item_1189,PREPOSITIONAL PRONOUNS (IRISH ONLY),produces; doesn't produce,,díom
díot,item_1190,PREPOSITIONAL PRONOUNS (IRISH ONLY),produces; doesn't produce,,díot
uaim,item_1191,PREPOSITIONAL PRONOUNS (IRISH ONLY),produces; doesn't produce,,uaim
uait,item_1192,PREPOSITIONAL PRONOUNS (IRISH ONLY),produces; doesn't produce,,uait
uaidh,item_1193,PREPOSITIONAL PRONOUNS (IRISH ONLY),produces; doesn't produce,,uaidh
uainn,item_1194,PREPOSITIONAL PRONOUNS (IRISH ONLY),produces; doesn't produce,,uainn
cáil,item_1195,QUESTION WORDS,produces; doesn't produce,,cáil_cáháit
where,item_1196,QUESTION WORDS,produces; doesn't produce,,where
cad,item_1197,QUESTION WORDS,produces; doesn't produce,,cad_céard
what,item_1198,QUESTION WORDS,produces; doesn't produce,,what
cathain,item_1199,QUESTION WORDS,produces; doesn't produce,,cathain
when,item_1200,QUESTION WORDS,produces; doesn't produce,,when
cé,item_1201,QUESTION WORDS,produces; doesn't produce,,cé
who,item_1202,QUESTION WORDS,produces; doesn't produce,,who
céacu,item_1203,QUESTION WORDS,produces; doesn't produce,,céacu_ciacu
which,item_1204,QUESTION WORDS,produces; doesn't produce,,which
cénfáth,item_1205,QUESTION WORDS,produces; doesn't produce,,cénfáth_cadinathaobh_céncúissrl
why,item_1206,QUESTION WORDS,produces; doesn't produce,,why
conas,item_1207,QUESTION WORDS,produces; doesn't produce,,conas_cénchaoi
how,item_1208,QUESTION WORDS,produces; doesn't produce,,how
ag,item_1209,ANIMALS (Real or toy),produces; doesn't produce,,ag
at,item_1210,TOYS,produces; doesn't produce,,at
áit,item_1211,ANIMALS (Real or toy),produces; doesn't produce,,áit
place,item_1212,PREPOSITIONAL PRONOUNS (IRISH ONLY),produces; doesn't produce,,place
ann,item_1213,ANIMALS (Real or toy),produces; doesn't produce,,ann
there,item_1214,TOYS,produces; doesn't produce,,there
ansin,item_1215,ANIMALS (Real or toy),produces; doesn't produce,,ansin
there(inthatplace(,item_1216,TOYS,produces; doesn't produce,,there(inthatplace(
anuas,item_1217,ANIMALS (Real or toy),produces; doesn't produce,,anuas
downward,item_1218,OUTSIDE THINGS,produces; doesn't produce,,downward
aníos,item_1219,ANIMALS (Real or toy),produces; doesn't produce,,aníos
upward,item_1220,PEOPLE *or words used in your family,produces; doesn't produce,,upward
anseo,item_1221,ANIMALS (Real or toy),produces; doesn't produce,,anseo
here,item_1222,PEOPLE *or words used in your family,produces; doesn't produce,,here
ar,item_1223,ANIMALS (Real or toy),produces; doesn't produce,,ar
on,item_1224,OUTSIDE THINGS,produces; doesn't produce,,on
arbarr,item_1225,ANIMALS (Real or toy),produces; doesn't produce,,arbarr_anuasar_inairdear
ontopof,item_1226,OUTSIDE THINGS,produces; doesn't produce,,ontopof
amach,item_1227,ANIMALS (Real or toy),produces; doesn't produce,,amach
out,item_1228,OUTSIDE THINGS,produces; doesn't produce,,out
as,item_1229,ANIMALS (Real or toy),produces; doesn't produce,,as
of,item_1230,OUTSIDE THINGS,produces; doesn't produce,,of
barr,item_1231,ANIMALS (Real or toy),produces; doesn't produce,,barr
top,item_1232,TOYS,produces; doesn't produce,,top
bun,item_1233,PEOPLE *or words used in your family,produces; doesn't produce,,bun
bottom,item_1234,OUTSIDE THINGS,produces; doesn't produce,,bottom
cúl,item_1235,CLOTHES,produces; doesn't produce,,cúl
behind,item_1236,PEOPLE *or words used in your family,produces; doesn't produce,,behind
de,item_1237,PEOPLE *or words used in your family,produces; doesn't produce,,de
off,item_1238,OUTSIDE THINGS,produces; doesn't produce,,off
do,item_1239,OUTSIDE THINGS,produces; doesn't produce,,do
for,item_1240,OUTSIDE THINGS,produces; doesn't produce,,for
faoi,item_1241,ANIMALS (Real or toy),produces; doesn't produce,,faoi
under,item_1242,PEOPLE *or words used in your family,produces; doesn't produce,,under
chun,item_1243,CLOTHES,produces; doesn't produce,,chun_godtí
to,item_1244,TOYS,produces; doesn't produce,,to
ibhfad,item_1245,PEOPLE *or words used in your family,produces; doesn't produce,,ibhfad
far,item_1246,ANIMALS (Real or toy),produces; doesn't produce,,far
i,item_1247,PEOPLE *or words used in your family,produces; doesn't produce,,i_sa
in,item_1248,PEOPLE *or words used in your family,produces; doesn't produce,,in
inaice,item_1249,PEOPLE *or words used in your family,produces; doesn't produce,,inaice
beside,item_1250,PEOPLE *or words used in your family,produces; doesn't produce,,beside
isteach,item_1251,PEOPLE *or words used in your family,produces; doesn't produce,,isteach
inside,item_1252,PEOPLE *or words used in your family,produces; doesn't produce,,inside
lár,item_1253,ANIMALS (Real or toy),produces; doesn't produce,,lár
middle,item_1254,PEOPLE *or words used in your family,produces; doesn't produce,,middle
lasmuigh,item_1255,ANIMALS (Real or toy),produces; doesn't produce,,lasmuigh
outside,item_1256,OUTSIDE THINGS,produces; doesn't produce,,outside
le,item_1257,PEOPLE *or words used in your family,produces; doesn't produce,,le
with,item_1258,PEOPLE *or words used in your family,produces; doesn't produce,,with
ó,item_1259,OUTSIDE THINGS,produces; doesn't produce,,ó
from,item_1260,PEOPLE *or words used in your family,produces; doesn't produce,,from
síos,item_1261,PEOPLE *or words used in your family,produces; doesn't produce,,síos_thios
down,item_1262,OUTSIDE THINGS,produces; doesn't produce,,down
suas,item_1263,PEOPLE *or words used in your family,produces; doesn't produce,,suas_thuas
up,item_1264,PEOPLE *or words used in your family,produces; doesn't produce,,up
taobh,item_1265,TOYS,produces; doesn't produce,,taobh
side,item_1266,PEOPLE *or words used in your family,produces; doesn't produce,,side
thar,item_1267,TOYS,produces; doesn't produce,,thar_thall
over,item_1268,VEHICLES (Real or toy),produces; doesn't produce,,over
timpeall,item_1269,TOYS,produces; doesn't produce,,timpeall
round,item_1270,OUTSIDE THINGS,produces; doesn't produce,,round
transna,item_1271,TOYS,produces; doesn't produce,,transna
across,item_1272,CLOTHES,produces; doesn't produce,,across
a,item_1273,ANIMALS (Real or toy),produces; doesn't produce,,a_an
alán,item_1274,ANIMALS (Real or toy),produces; doesn't produce,,alán_anchuid
alot,item_1275,ANIMALS (Real or toy),produces; doesn't produce,,alot
n,item_1276,ANIMALS (Real or toy),produces; doesn't produce,,n
the,item_1277,ANIMALS (Real or toy),produces; doesn't produce,,the
ana,item_1278,ANIMALS (Real or toy),produces; doesn't produce,,ana
very,item_1279,ANIMALS (Real or toy),produces; doesn't produce,,very
aonceann,item_1280,ANIMALS (Real or toy),produces; doesn't produce,,aonceann_rud
any(thing),item_1281,ANIMALS (Real or toy),produces; doesn't produce,,any(thing)
aon,item_1282,ANIMALS (Real or toy),produces; doesn't produce,,aon_amhain
one,item_1283,ANIMALS (Real or toy),produces; doesn't produce,,one
arís,item_1284,ANIMALS (Real or toy),produces; doesn't produce,,arís
again,item_1285,ANIMALS (Real or toy),produces; doesn't produce,,again
breis,item_1286,ANIMALS (Real or toy),produces; doesn't produce,,breis_tuilleadh
more,item_1287,ANIMALS (Real or toy),produces; doesn't produce,,more
céanna,item_1288,ANIMALS (Real or toy),produces; doesn't produce,,céanna
same,item_1289,ANIMALS (Real or toy),produces; doesn't produce,,same
eile,item_1290,ANIMALS (Real or toy),produces; doesn't produce,,eile
another,item_1291,ANIMALS (Real or toy),produces; doesn't produce,,another
gach,item_1292,ANIMALS (Real or toy),produces; doesn't produce,,gach
each,item_1293,ANIMALS (Real or toy),produces; doesn't produce,,each
gachaon,item_1294,ANIMALS (Real or toy),produces; doesn't produce,,gachaon_uile
every,item_1295,ANIMALS (Real or toy),produces; doesn't produce,,every
gan,item_1296,ANIMALS (Real or toy),produces; doesn't produce,,gan
none,item_1297,ANIMALS (Real or toy),produces; doesn't produce,,none
mórán,item_1298,ANIMALS (Real or toy),produces; doesn't produce,,mórán
many,item_1299,ANIMALS (Real or toy),produces; doesn't produce,,many
na,item_1300,ANIMALS (Real or toy),produces; doesn't produce,,na
píosa,item_1301,ANIMALS (Real or toy),produces; doesn't produce,,píosa
piece,item_1302,ANIMALS (Real or toy),produces; doesn't produce,,piece
ró,item_1303,ANIMALS (Real or toy),produces; doesn't produce,,ró
too,item_1304,ANIMALS (Real or toy),produces; doesn't produce,,too
roinnt,item_1305,ANIMALS (Real or toy),produces; doesn't produce,,roinnt_beagáinín
asome,item_1306,ANIMALS (Real or toy),produces; doesn't produce,,asome
saghas,item_1307,ANIMALS (Real or toy),produces; doesn't produce,,saghas_cineál_sórt
kindof,item_1308,ANIMALS (Real or toy),produces; doesn't produce,,kindof
(ag)iarraidh,item_1309,HELPING VERBS,produces; doesn't produce,,(ag)iarraidh
try(to),item_1310,HELPING VERBS,produces; doesn't produce,,try(to)
(is)féidir,item_1311,HELPING VERBS,produces; doesn't produce,,(is)féidir_ábalta
can,item_1312,HELPING VERBS,produces; doesn't produce,,can
beidh,item_1313,HELPING VERBS,produces; doesn't produce,,beidh
willbe,item_1314,HELPING VERBS,produces; doesn't produce,,willbe
bhfuil,item_1315,HELPING VERBS,produces; doesn't produce,,bhfuil
bhí,item_1316,HELPING VERBS,produces; doesn't produce,,bhí
was,item_1317,HELPING VERBS,produces; doesn't produce,,was
bí,item_1318,HELPING VERBS,produces; doesn't produce,,bí
be,item_1319,HELPING VERBS,produces; doesn't produce,,be
bíonn,item_1320,HELPING VERBS,produces; doesn't produce,,bíonn
am,item_1321,HELPING VERBS,produces; doesn't produce,,am
caithfidh,item_1322,HELPING VERBS,produces; doesn't produce,,caithfidh
hafta,item_1323,HELPING VERBS,produces; doesn't produce,,hafta_haveto
is,item_1324,HELPING VERBS,produces; doesn't produce,,is
(is(copula,item_1325,HELPING VERBS,produces; doesn't produce,,(is(copula
lig(dom(,item_1326,HELPING VERBS,produces; doesn't produce,,lig(dom(
lemme,item_1327,HELPING VERBS,produces; doesn't produce,,lemme_letme
ná,item_1328,HELPING VERBS,produces; doesn't produce,,ná
dont,item_1329,HELPING VERBS,produces; doesn't produce,,dont
ní(hea),item_1330,HELPING VERBS,produces; doesn't produce,,ní(hea)
not,item_1331,HELPING VERBS,produces; doesn't produce,,not
níl,item_1332,HELPING VERBS,produces; doesn't produce,,níl
isn,item_1333,HELPING VERBS,produces; doesn't produce,,isn_t
níor,item_1334,HELPING VERBS,produces; doesn't produce,,níor
didn,item_1335,HELPING VERBS,produces; doesn't produce,,didn_t
raibh,item_1336,HELPING VERBS,produces; doesn't produce,,raibh
tá,item_1337,HELPING VERBS,produces; doesn't produce,,tá
teastaigh,item_1338,HELPING VERBS,produces; doesn't produce,,teastaigh
wanna,item_1339,HELPING VERBS,produces; doesn't produce,,wanna_wantto
ach,item_1340,CLOTHES,produces; doesn't produce,,ach
but,item_1341,CLOTHES,produces; doesn't produce,,but
agus,item_1342,CLOTHES,produces; doesn't produce,,agus_is_leis
and,item_1343,CLOTHES,produces; doesn't produce,,and
ansin,item_1344,CLOTHES,produces; doesn't produce,,ansin
then,item_1345,CLOTHES,produces; doesn't produce,,then
chomh,item_1346,CLOTHES,produces; doesn't produce,,chomh
aso,item_1347,CLOTHES,produces; doesn't produce,,aso
dá,item_1348,CLOTHES,produces; doesn't produce,,dá_má
if,item_1349,CLOTHES,produces; doesn't produce,,if
mar,item_1350,CLOTHES,produces; doesn't produce,,mar
because,item_1351,CLOTHES,produces; doesn't produce,,because
nuair,item_1352,CLOTHES,produces; doesn't produce,,nuair
when,item_1353,CLOTHES,produces; doesn't produce,,when