word,count
you,44310
a,43832
the,33708
no,29334
is,28663
to,20204
it,19826
what,19150
this,17384
oh,15618
la,14561
I,13876
and,12777
do,12518
es,11818
el,11265
that,9969
are,9860
de,9842
un,9113
one,9043
on,8611
want,8562
can,8460
in,8177
yeah,8012
we,7991
here,7941
me,7876
y,7628
have,7131
your,6759
yes,6194
he,5980
i,5880
so,5714
like,5503
see,5499
te,5463
en,5428
look,5370
ah,5275
tu,5218
se,4855
there,4834
not,4816
where,4816
go,4716
for,4552
of,4437
right,4368
eh,4335
ha,4306
si,4280
put,4189
now,4133
lo,4098
did,3716
know,3678
going,3593
they,3589
how,3527
with,3504
come,3381
she,3299
at,3259
S,3237
then,3006
be,2952
why,2942
say,2916
who,2896
L,2892
e,2866
very,2831
get,2820
but,2810
good,2801
ya,2723
got,2716
yo,2711
some,2700
all,2540
up,2524
my,2410
her,2332
does,2252
about,2216
was,2191
doing,2190
just,2186
will,2166
o,2151
van,2114
think,2106
out,2074
hi,2052
eat,2052
al,2028
them,2025
down,1984
bien,1961
little,1926
because,1917
Darren,1903
two,1897
ne,1863
da,1860
well,1858
or,1837
con,1831
het,1795
more,1789
mi,1785
give,1776
book,1771
take,1738
tell,1733
hey,1725
wow,1722
his,1710
wat,1704
big,1684
if,1667
molt,1658
too,1653
play,1623
non,1603
him,1597
baby,1573
Charlotte,1545
Alicia,1541
hay,1521
color,1517
vas,1502
back,1453
para,1436
which,1425
ara,1403
make,1388
please,1376
many,1369
huh,1367
son,1359
let,1341
these,1336
shall,1330
per,1326
die,1303
ho,1297
read,1268
las,1240
ay,1238
ce,1228
n,1221
che,1212
when,1202
car,1191
ma,1189
again,1186
another,1153
els,1148
mommy,1143
as,1129
li,1072
ai,1069
vale,1068
need,1063
inside,1062
should,1060
something,1047
water,1039
hello,1038
off,1031
nice,1024
time,1022
three,1015
said,1014
an,1012
away,1011
show,1007
sit,1001
open,996
papa,970
house,967
really,924
find,917
turn,911
name,906
dos,899
u,892
draw,876
cat,874
else,866
s,864
help,853
over,851
kai,847
girl,839
story,835
any,833
ask,826
er,822
thank,815
from,810
first,809
red,808
Janet,780
way,774
Winston,773
other,769
kore,768
hand,763
na,754
fa,748
remember,742
blue,739
di,735
am,727
dan,722
those,719
j,717
ani,711
would,705
elle,701
daddy,693
bear,693
try,693
school,689
maybe,682
us,679
jo,677
boy,677
nog,668
only,662
into,653
home,652
bit,651
ball,646
fish,639
petit,637
bed,633
alright,630
bad,623
door,622
h,619
met,618
eating,614
Sara,606
ben,604
dog,602
nee,598
dit,597
coming,592
v,591
Leo,590
ti,587
had,585
sleep,579
picture,579
ga,574
were,569
hair,569
use,567
Olivier,556
wait,555
green,545
rabbit,540
four,539
could,532
people,527
claro,525
small,525
apple,524
broken,520
head,518
hold,516
even,512
honey,511
floor,510
by,507
M,504
man,504
nu,502
gone,499
yea,496
same,491
new,489
das,485
fall,484
cannot,483
five,483
llama,482
still,480
throw,480
today,479
quin,479
English,478
mouse,465
train,458
orange,456
much,455
enough,454
waar,453
dice,449
bye,447
looking,446
box,446
round,445
goes,444
zo,442
aw,442
pour,439
drink,438
whose,437
most,436
next,435
em,432
nose,432
sorry,432
room,429
yours,422
horse,421
agua,420
close,418
wolf,417
careful,415
long,414
already,414
hala,413
boat,409
mean,407
d,405
Lulu,405
George,405
dirty,405
yellow,404
hurt,404
han,402
beautiful,399
sing,398
watch,395
tree,393
po,393
ona,393
old,392
sleeping,392
happy,391
went,391
sure,390
Winnie,389
ni,389
hat,388
after,386
juice,385
ist,384
milk,382
ca,382
t,381
era,379
cut,376
m,374
stop,373
pink,372
kan,371
mouth,369
together,369
bird,368
call,368
dress,367
chocolate,366
around,364
song,364
kind,363
puzzle,362
lot,355
bite,355
white,354
Thomas,354
table,352
bus,351
wee,348
later,346
w,346
monster,345
qua,345
duck,344
cake,344
net,344
arriba,336
mal,336
finish,335
hungry,335
mummy,333
count,331
pull,331
vine,330
talk,330
doctor,330
Linda,329
leave,329
fire,328
lion,327
wrong,327
dame,326
doe,325
keep,323
day,320
Claire,317
mine,317
paper,315
anything,315
Michelle,315
money,314
bag,314
made,314
page,312
push,311
ide,309
done,309
animal,309
dove,309
buy,308
visto,308
cap,307
sweetie,307
funny,306
cold,305
bring,304
hear,301
last,301
cheese,301
bonito,300
press,299
comes,297
better,297
moon,297
stick,297
Mar,296
listen,296
also,296
wash,296
camera,295
pick,294
came,294
teeth,294
elephant,294
guess,294
birthday,292
break,292
comment,291
food,290
getting,290
work,289
six,289
mar,288
pretty,288
light,287
friend,286
yourself,286
found,285
crying,285
hem,285
clean,284
thing,283
making,283
aha,281
Bella,281
hot,280
fell,278
pig,277
Kathryn,277
bon,277
black,276
finished,276
lobo,275
sur,275
sound,274
piece,270
wa,269
ten,268
stay,268
poco,267
outside,267
part,266
ka,265
fly,265
dis,265
plus,264
tout,264
ghost,264
their,263
our,263
saying,263
Mickey,263
park,262
tha,261
chair,261
top,260
pot,260
mica,259
toi,259
banana,259
k,259
Max,258
hard,257
nothing,257
cow,254
number,254
through,253
before,251
l,251
comer,249
chicken,249
dinosaur,248
hit,248
sol,245
live,245
nan,245
policeman,244
under,243
io,243
fet,242
noise,242
encore,242
flower,241
os,239
than,239
porta,238
silly,237
b,236
anda,235
must,235
mas,234
ton,234
catch,232
ge,232
guy,231
lunch,230
toy,229
left,229
place,229
tam,229
face,228
police,228
stand,227
dinner,227
run,226
weet,226
hoe,226
poi,225
spoon,225
truck,224
egg,224
thought,223
quina,223
sitting,221
far,221
shoe,221
tea,220
quan,219
witch,218
bunny,217
tan,215
write,215
gave,214
ie,213
A,212
plane,212
pie,211
ready,211
tot,210
primero,210
side,210
quest,210
chi,210
different,209
mag,209
behind,206
pelota,206
seven,206
touch,206
yet,205
purple,205
ta,205
yummy,205
night,204
bike,204
hide,204
phone,203
Gemma,203
talking,202
always,202
start,201
tiger,201
party,201
monkey,201
speak,200
cup,200
morning,200
star,199
kell,199
sore,199
foot,198
mano,197
sea,197
dear,196
jump,196
ride,193
wear,193
D,193
c,192
cole,192
while,192
drawing,192
been,191
eye,191
cry,191
airplane,190
trying,189
frog,189
sun,188
end,188
swimming,188
bigger,187
lovely,187
Betty,187
porridge,187
took,186
oda,186
game,186
wha,186
love,185
crocodile,185
holding,184
panda,184
gun,184
saw,184
cream,184
roto,183
Peter,183
sweet,182
carrot,182
quite,181
might,181
heel,181
dancing,181
drive,179
may,179
running,178
wir,178
fun,177
magic,176
sheep,176
tissue,176
pan,175
tired,174
ser,174
build,174
dead,174
brother,174
petite,173
fine,173
solo,172
sabe,172
change,172
mirror,171
circle,171
tape,171
hah,170
wet,169
tail,169
fare,168
clothes,167
mon,167
fan,167
princess,167
fix,166
kitchen,166
sa,166
dance,166
kiss,166
Percy,166
its,165
fast,165
favor,165
stuck,165
Ernie,164
queen,163
mamma,163
ate,163
conte,163
finger,162
heavy,162
vis,162
den,162
sky,161
pato,161
window,161
sword,161
cause,160
falling,160
ice,159
giraffe,159
sou,159
move,158
ey,158
sir,158
video,158
ring,157
clock,157
colour,157
music,157
bottle,156
Todd,156
eight,155
castle,155
wearing,152
favorite,152
dar,151
hum,151
Christmas,151
seen,150
teacher,150
everything,150
someone,150
balloon,149
ambulance,149
high,149
being,148
full,148
candy,148
vol,147
pipi,147
reading,147
Chinese,147
pon,147
angry,147
tut,147
pap,147
dark,147
never,147
word,146
snake,146
fit,146
piano,146
hoy,145
leg,145
great,144
taking,144
idea,143
medicine,143
bravo,143
sticker,143
minute,142
pupa,141
cook,141
poor,141
blanket,141
knife,141
hora,141
quack,141
flying,140
lax,140
nine,138
actually,138
malo,137
driver,137
afraid,137
singing,137
manger,137
soup,137
told,136
telephone,136
both,134
piggy,134
helicopter,134
bath,134
James,133
Tigger,133
once,133
X,133
happen,132
save,132
real,132
breakfast,131
bread,131
hospital,131
fight,131
walk,131
bought,130
sometimes,130
tummy,130
mike,130
g,130
sale,129
wake,129
wipe,129
button,129
drinking,129
grass,129
pear,129
uncle,129
bicycle,128
quiet,128
shirt,127
butterfly,127
plate,127
lost,127
job,127
cover,126
pencil,126
Mister,126
dire,126
primer,125
broke,125
volt,125
fork,125
best,124
mess,124
missing,124
umbrella,124
naughty,123
sofa,123
dragon,122
air,122
ken,122
turtle,122
feel,122
though,122
mo,122
mala,121
ear,121
strawberry,121
triangle,121
rest,121
cool,121
kor,121
od,120
twee,120
twenty,120
pone,118
working,118
point,118
blow,118
tractor,118
glasses,118
gos,117
king,117
fruit,117
prince,117
climb,117
bent,117
sister,117
p,117
ever,116
tutti,115
hole,115
col,114
r,114
whole,113
colors,113
person,113
owl,113
shoot,113
stuff,113
whoa,112
Kitty,112
line,112
mesa,111
ens,111
soy,110
clever,110
garden,110
standing,110
shopping,110
tie,109
soon,108
lady,108
moment,108
bo,108
ancora,108
f,108
granny,107
bee,107
leaves,107
spider,107
rain,106
gam,105
yesterday,105
exactly,105
fairy,105
koko,105
fuerte,104
letter,104
fat,104
dodo,104
gros,104
cos,104
swim,104
kill,104
ballet,104
woof,104
Alice,103
ground,103
doll,103
woo,103
boom,103
aller,103
Leila,102
space,102
shark,102
ow,102
wah,102
happening,101
driving,101
mother,101
sok,101
almost,101
fighting,101
dry,101
ant,101
ye,101
Gene,101
pa,100
set,100
course,100
fireman,100
turning,100
om,100
feed,99
sad,99
pure,99
tomato,99
brown,99
tania,98
wo,98
answer,97
Phyllis,97
used,97
somebody,97
lie,97
each,96
scary,96
heart,95
mono,95
pen,95
fox,95
antes,94
card,94
understand,94
kick,94
send,94
rana,94
boo,94
somewhere,93
needs,93
care,93
glass,93
stickers,93
pizza,93
body,92
block,92
onto,92
sick,92
machine,92
Cinderella,92
share,92
Minnie,92
coffee,91
riding,91
Barney,91
amarillo,91
smell,91
pretend,91
kon,91
taxi,91
dado,90
grand,90
tickle,90
aeroplane,90
ouch,90
bottom,89
grandma,89
corner,89
nursery,89
dangerous,89
present,89
terrible,89
pinta,88
rum,88
bedroom,88
fent,88
mange,88
throwing,87
washing,87
until,87
quick,87
fort,87
font,87
upstairs,86
probably,86
tower,86
Sofia,86
smaller,86
penguin,85
ba,85
key,85
short,85
delicious,85
mou,85
week,85
Bert,85
own,84
Anna,84
hug,84
closed,84
forgot,83
mint,83
bang,83
seat,83
crown,83
carry,82
shut,82
middle,82
prima,82
bene,82
eaten,82
bees,82
site,82
hop,82
follow,81
every,81
hasta,81
dude,81
faster,81
cute,81
comb,81
dalt,80
sin,80
downstairs,80
strong,80
nam,80
such,80
lots,80
z,80
sense,80
cola,79
tomorrow,79
shape,79
tele,79
par,79
dime,79
busy,79
supposed,79
recording,79
chat,79
duckie,79
piscina,78
roger,78
wheel,78
threw,78
pi,78
otherwise,77
waiting,77
sombrero,77
noisy,77
crayon,77
either,77
pool,77
wind,77
giving,76
nap,76
without,76
drop,76
paint,76
farm,76
Richard,76
bell,76
true,76
ran,76
Kate,76
half,75
special,75
nobody,75
bucket,75
dolphin,75
tongue,75
violin,75
excuse,75
moo,75
Pan,75
Jessie,75
sugar,75
due,75
everybody,75
cooking,74
engine,74
front,74
arm,74
lemon,74
teach,74
doggy,74
gat,74
alone,74
tall,74
grow,74
livre,74
smiling,73
slide,73
thanks,73
problem,73
za,73
sand,73
dogs,73
brush,73
question,72
goodness,72
taken,72
zebra,72
taste,72
garbage,72
sang,72
maria,72
ala,71
dedo,71
pants,71
garage,71
ding,71
ad,71
caught,71
chose,71
few,71
shop,71
necklace,71
potato,71
dad,70
baba,70
computer,70
neck,70
warm,70
smile,70
plant,70
coco,70
aga,70
earth,69
wall,69
toe,69
zoo,69
building,69
benne,69
B,69
soap,69
crazy,69
caracol,68
instead,68
goat,68
donkey,68
sock,68
potty,68
sai,68
T,68
corn,68
beach,67
oka,66
O,66
ugly,66
usually,66
forget,66
quatre,66
bin,66
pea,66
kasa,66
mosquito,65
trousers,65
farmer,65
step,65
John,65
second,65
prendre,65
safe,65
til,65
rice,64
sleepy,64
kef,64
station,64
brought,64
mind,64
accord,64
Sam,64
kangaroo,63
square,63
sap,63
biscuit,63
tin,63
late,63
pain,63
sola,63
dale,63
manzana,63
fair,63
microphone,62
board,62
crash,62
scissors,62
sitio,62
lift,62
kitty,62
welcome,62
belly,62
papilla,62
froggy,62
ale,61
telling,61
snow,61
moving,61
along,61
watching,61
bah,61
upon,61
choose,61
pillow,61
rubbish,61
taula,60
loud,60
boots,60
beau,60
painting,60
pineapple,60
worm,60
upside,60
anyway,60
clip,60
pro,60
myself,59
sweetheart,59
dank,59
battery,59
mug,59
photo,59
rainbow,59
wonder,59
mall,59
attention,59
sauce,59
cantar,58
bowl,58
market,58
sh,58
walking,58
bean,58
shoulder,58
ego,58
mains,58
dare,58
knock,58
tal,58
hie,58
amor,58
tula,58
cross,57
basket,57
numero,57
year,57
ship,57
cane,57
thirsty,57
eleven,57
nit,57
roll,57
whoo,57
sticky,57
chips,57
family,56
bobo,56
leer,56
Santa,56
mover,56
whether,56
bathroom,56
C,56
able,56
accident,56
bouche,56
Edward,56
blanca,56
toast,55
parking,55
kite,55
aval,55
mum,55
helmet,55
empty,55
difficile,55
laughing,55
hamster,55
beside,55
attend,55
kiwi,55
plat,55
airport,55
sort,55
yah,55
towel,55
cockroach,55
yep,55
maco,54
calor,54
works,54
pocket,54
eats,54
Lisa,54
main,54
tete,54
ar,54
Wat,54
Wolf,54
apa,54
dump,54
Maria,54
vive,53
excited,53
swallow,53
living,53
gosh,53
sulla,53
Ah,53
closer,53
till,53
lit,53
sticks,53
Tim,53
rolling,53
thinking,52
Gogo,52
bridge,52
himself,52
nicely,52
blanco,52
clap,52
Clara,52
King,52
jelly,52
playa,52
dag,52
nearly,52
meet,51
check,51
cart,51
office,51
television,51
learn,51
groot,51
bel,51
pilot,51
goose,51
puppy,51
road,51
bas,51
sind,51
carrying,50
Saturday,50
tied,50
Spanish,50
shadow,50
god,50
cushion,50
Mr,50
roof,50
wine,50
sharp,50
chase,50
lipstick,50
tunnel,50
tortilla,50
puja,49
interesting,49
shower,49
ribbon,49
coat,49
Ben,49
luna,49
salta,49
Alan,49
regarder,49
twelve,49
alto,49
Ana,49
reach,49
shake,49
injection,49
super,49
mister,49
ich,49
rescue,49
add,48
forest,48
bubble,48
nous,48
whoops,48
soft,48
fishing,48
football,48
verd,48
miss,48
arms,48
thin,48
worry,48
land,48
baa,48
sat,48
bet,48
Astrid,48
saa,48
asleep,47
chico,47
tri,47
everyone,47
Emily,47
clown,47
scare,47
bow,47
hele,47
straight,47
aa,47
pare,46
autobus,46
leaf,46
diaper,46
rope,46
biting,46
yucky,46
river,46
tai,46
class,46
cutting,46
pont,46
bain,46
Jan,46
helping,46
sera,45
quickly,45
candle,45
dolly,45
toilet,45
tua,45
men,45
William,45
everywhere,45
sticking,45
ell,45
magazine,45
squirrel,45
woke,45
splash,45
dentist,45
Wendy,45
turned,44
continue,44
matter,44
switch,44
bounce,44
blinking,44
blowing,44
painful,44
bright,44
mu,44
oven,44
Manuel,44
giant,43
No,43
grandpa,43
slow,43
maze,43
ose,43
reina,43
young,43
longer,43
mango,43
supermarket,43
dig,43
casco,43
Spencer,43
track,43
auto,43
skal,43
ugh,43
hammer,43
iba,42
tapa,42
calling,42
fen,42
skirt,42
Ally,42
times,42
California,42
sent,42
lose,42
squeeze,42
bank,42
crab,42
caterpillar,42
plastic,42
couch,42
pair,42
bone,42
snoopy,42
beginning,42
mor,42
drew,42
chien,42
fence,42
opening,42
Tommy,42
cleaning,41
deer,41
ham,41
nurse,41
hurry,41
watermelon,41
ponga,41
golly,41
chimney,41
straw,41
twinkle,41
band,41
yoghurt,41
trumpet,41
spaghetti,41
neet,41
cuerda,40
near,40
Mina,40
power,40
oe,40
writing,40
pass,40
final,40
pam,40
lying,40
knee,40
rouge,40
Clare,40
belt,40
bat,40
gate,40
nail,40
camp,40
radio,40
whom,40
father,40
mice,40
holiday,40
loup,40
pet,40
glue,40
reis,40
pile,40
seed,40
pointing,39
properly,39
believe,39
bandage,39
Sunday,39
romper,39
largo,39
Cleopatra,39
climbing,39
pu,39
racing,39
become,39
bout,39
wood,39
soldier,39
cage,39
muffin,39
matin,39
listening,39
butter,39
Carl,39
perfecto,38
world,38
camel,38
snack,38
days,38
apron,38
tried,38
cheval,38
ban,38
figure,38
lamp,38
snail,38
buttons,38
cha,38
whenever,38
anyone,38
Monday,38
hill,38
quo,38
bib,38
easy,38
rose,38
jet,38
whale,38
shiny,37
ago,37
player,37
feeding,37
tap,37
mel,37
touching,37
comfortable,37
privet,37
pee,37
child,37
tien,37
ahead,37
handbag,37
quell,37
row,37
camion,37
golden,37
parle,37
patient,37
cough,37
bum,37
rub,36
pushing,36
octopus,36
leaving,36
ami,36
focus,36
Hungarian,36
meter,36
coloring,36
pump,36
recorder,36
morgen,36
gust,36
Mimi,36
fifteen,36
bug,36
sausage,36
pep,36
wish,36
pond,36
Pat,36
third,36
beer,36
dinar,35
shot,35
apart,35
since,35
strange,35
cock,35
quilt,35
Julie,35
Rebecca,35
brave,35
case,35
string,35
chapeau,35
dal,35
win,35
pastel,35
spell,35
slape,35
sandwich,35
Robin,35
film,35
sig,35
Red,35
yaya,35
guardo,34
dressed,34
tasty,34
nieve,34
speaking,34
couple,34
mela,34
post,34
kou,34
fe,34
Teddy,34
burn,34
pirate,34
pay,34
chaise,34
mare,34
mary,34
bal,34
French,34
Mary,34
loose,34
surprise,34
fixed,34
David,34
lid,34
God,34
carte,34
ogre,34
E,34
wave,34
wild,34
peanut,34
counting,34
tiny,34
pica,33
difficult,33
id,33
voice,33
canard,33
steal,33
swing,33
ea,33
The,33
miro,33
eagle,33
collar,33
tooth,33
gall,33
pose,33
town,33
crawling,33
mad,33
ill,33
Dora,33
cabbage,33
chanson,33
Jeremy,32
butt,32
lama,32
Miguel,32
re,32
shell,32
washed,32
Devon,32
ringing,32
fog,32
fill,32
disgusting,32
curtain,32
pop,32
Marathi,32
agora,32
lamb,32
record,32
afternoon,32
growing,32
merry,32
Antonio,32
hockey,32
hurrah,32
raisin,32
lantern,32
Asa,32
merrily,32
Marvin,32
Michael,32
pat,31
mete,31
Australia,31
meat,31
belle,31
hippo,31
trunk,31
hundred,31
Japanese,31
lock,31
marble,31
massa,31
messy,31
dinero,31
screen,31
chance,31
Donald,31
burro,31
motor,31
smelly,31
atta,31
Cat,31
spill,31
mix,31
Jessica,31
Esther,30
bump,30
Alberto,30
taught,30
visit,30
wer,30
loro,30
abord,30
thirty,30
nineteen,30
toothbrush,30
aye,30
nope,30
yuck,30
pinto,30
castellano,30
laugh,30
Cantonese,30
itself,30
ko,30
onion,30
whatever,30
seal,30
vier,30
built,30
passe,30
slipper,30
aru,30
wand,30
spin,30
Sebastian,30
Mari,30
fetch,29
summer,29
cloudy,29
shelf,29
woman,29
alma,29
Teresa,29
pintado,29
dehors,29
manque,29
alt,29
pip,29
Jesus,29
finally,29
drawer,29
darling,29
Stephanie,29
cone,29
seventeen,29
spit,29
screaming,29
flores,29
gentle,29
port,29
din,29
hope,29
um,29
handsome,29
cried,29
Jack,29
Chloe,29
slowly,29
backwards,29
between,29
smart,29
weapon,29
madame,29
eta,29
lucky,29
troll,29
pussy,29
motorcycle,29
pega,28
street,28
rather,28
rock,28
Mrs,28
suitcase,28
gas,28
store,28
finding,28
gorilla,28
chasing,28
stem,28
squirt,28
poisonous,28
definitely,28
bu,28
dessert,28
rattle,28
bonk,28
samen,28
biggest,28
Maggie,28
gently,28
begin,28
soc,28
mud,28
lire,28
fiesta,28
vegetable,28
dada,28
hose,28
anywhere,28
pin,28
coconut,28
sunny,28
motte,28
pumpkin,28
dirt,27
suddenly,27
vacuum,27
beat,27
correct,27
medio,27
haya,27
ferme,27
vache,27
leuk,27
stopped,27
balance,27
swan,27
older,27
mir,27
seeing,27
war,27
wit,27
past,27
pit,27
poison,27
jacket,27
aside,27
tent,27
Barrio,27
superman,27
life,27
paar,27
church,27
Laura,27
pronto,27
estado,27
size,27
wombat,27
scream,27
lived,27
flat,27
Halloween,27
ashes,27
alphabet,27
city,27
Snow,27
cowboy,27
sweep,27
scratch,27
noir,27
tights,26
kicking,26
feeling,26
birdie,26
pesa,26
sam,26
male,26
showing,26
turns,26
fourteen,26
treat,26
cousin,26
sign,26
canoe,26
stole,26
fin,26
stone,26
hoop,26
st,26
pane,26
Nana,26
auntie,26
ging,26
tight,26
plan,26
prepare,26
welk,26
rocket,26
chanter,26
hour,26
movie,26
K,26
chin,26
bara,26
mermaid,26
flamingo,26
burrito,26
Y,26
newspaper,25
perhaps,25
ours,25
stomach,25
wi,25
stanno,25
speaker,25
free,25
following,25
herself,25
traffic,25
blanc,25
saber,25
perfect,25
fu,25
stays,25
besides,25
duckling,25
mat,25
against,25
floating,25
excellent,25
grave,25
pipe,25
thee,25
vast,25
cop,25
vert,25
koala,25
basketball,25
grey,25
stove,25
R,25
bar,25
cheek,25
don,25
horn,25
grab,25
cupcake,25
trick,25
bunch,25
dah,25
ladybug,25
naa,25
calm,25
Old,25
Suzy,25
beast,25
soda,25
squeak,25
dong,25
keeper,25
picara,25
promise,24
except,24
stethoscope,24
loin,24
pantalon,24
boot,24
large,24
homework,24
gent,24
Sophia,24
crib,24
trade,24
alive,24
burp,24
picked,24
rip,24
skin,24
clear,24
pagina,24
selva,24
peekaboo,24
rita,24
cereal,24
tow,24
rake,24
sac,24
popcorn,24
bend,24
soil,24
bilingual,24
Jonah,24
during,23
across,23
robot,23
shaking,23
kindergarten,23
cracker,23
suave,23
desk,23
Bon,23
guitar,23
sixteen,23
given,23
tonight,23
piglet,23
corona,23
cherry,23
trouble,23
bless,23
gold,23
trip,23
annoying,23
hanging,23
drove,23
hamburger,23
ladder,23
frightened,23
anybody,23
neighbor,23
ladybird,23
wing,23
mig,23
laten,23
dorm,23
benn,23
piles,23
drum,23
jar,23
feu,23
melt,23
monsieur,23
Sheila,23
Isabelle,23
trona,23
costa,23
basta,23
lei,23
rubber,23
silver,23
Henry,23
mark,23
tuna,23
lambie,23
itchy,23
age,23
stomp,23
sal,22
lap,22
chick,22
sweater,22
salad,22
rod,22
underneath,22
exercise,22
bola,22
ex,22
lee,22
Hein,22
punta,22
beauty,22
Lina,22
tret,22
fold,22
teeny,22
suit,22
jungle,22
towards,22
splashing,22
starting,22
porto,22
P,22
erg,22
neem,22
colorado,22
dollar,22
early,22
playground,22
gens,22
coin,22
telescope,22
carpet,22
grr,22
planet,22
spaceship,22
volant,22
mand,22
pom,22
borrow,22
content,22
soleil,22
spot,22
reason,22
poster,22
stir,22
minibus,22
aka,22
tortoise,22
pattern,21
jersey,21
control,21
often,21
learning,21
sham,21
hup,21
pied,21
piccolo,21
stare,21
zero,21
essayer,21
mountain,21
bedtime,21
fora,21
Noel,21
wan,21
dow,21
Friday,21
forty,21
grape,21
suck,21
snot,21
race,21
pardon,21
voeten,21
vent,21
picnic,21
rude,21
watering,21
needle,21
married,21
robe,21
drown,21
Cecilia,21
hale,21
pouring,21
sie,21
ski,21
turkey,21
restaurant,21
eu,21
peel,21
fee,21
gum,21
Stephen,21
thumb,21
tricky,21
amic,21
bake,21
easily,21
teapot,21
pomme,21
lazy,21
Marilyn,21
kissing,20
vase,20
afterwards,20
mushroom,20
Don,20
taller,20
stool,20
burning,20
muscle,20
tennis,20
thirteen,20
cero,20
Rachel,20
forward,20
winter,20
lizard,20
beard,20
ceiling,20
lend,20
bathtub,20
assis,20
crane,20
locomotive,20
soe,20
Thursday,20
rood,20
brut,20
tear,20
fallen,20
bingo,20
winner,20
asta,20
wonderful,20
excavator,20
kitten,20
peine,20
schoolbag,20
familia,20
sides,20
couper,20
shuttle,20
doorbell,20
weight,20
vela,20
mot,20
wherever,20
caval,20
dim,20
polite,20
torta,20
lad,20
motto,20
soul,20
knickknack,20
seriously,20
brushing,20
Pluto,20
alas,20
patas,20
swish,20
sisi,20
x,20
saco,19
hen,19
rectangle,19
brick,19
brilliant,19
fever,19
screwdriver,19
won,19
Elisabeth,19
ons,19
Paul,19
trolley,19
mood,19
eighteen,19
junto,19
seesaw,19
salt,19
suppose,19
bark,19
mayor,19
compter,19
lick,19
marbles,19
piso,19
hint,19
harder,19
tambor,19
rode,19
Topsy,19
nest,19
twist,19
Jane,19
handle,19
vanilla,19
mop,19
wrapper,19
Mam,19
click,19
dilo,19
meant,19
above,19
elbow,19
wide,19
quadrat,19
bun,19
tale,19
Lord,19
jingle,19
ox,19
fro,19
shuffle,19
type,19
dream,19
sack,19
potatoes,19
bateau,19
Erik,19
banging,19
goo,19
Polly,19
remove,19
Molly,19
rhythm,19
padre,18
hook,18
Alastair,18
chimpanzee,18
tire,18
serious,18
spinning,18
friendly,18
carefully,18
Nanny,18
Christophe,18
remote,18
Sally,18
dolent,18
steam,18
oil,18
ketchup,18
Gordon,18
chop,18
pistol,18
napkin,18
absolutely,18
knew,18
coupe,18
licking,18
chew,18
none,18
Robert,18
schoon,18
testa,18
bambini,18
dish,18
muddy,18
join,18
gift,18
kop,18
balcony,18
Christopher,18
Tom,18
catching,18
upper,18
wrap,18
magnet,18
deep,18
tou,18
dingdong,18
sport,18
Millie,18
extra,18
escape,18
mott,18
uniform,18
seaweed,18
sho,18
mout,18
stroller,18
F,18
q,18
Julian,18
rooster,18
Oscar,18
stepmother,18
shrimp,18
wouf,18
Aro,18
globe,18
robber,18
leader,18
arena,17
bac,17
Ann,17
parrot,17
pudding,17
normal,17
manta,17
program,17
supper,17
Alex,17
gra,17
bother,17
shorts,17
smoke,17
azon,17
lake,17
vino,17
coup,17
watt,17
yard,17
grown,17
cinque,17
waken,17
month,17
quasi,17
duro,17
vau,17
Elsa,17
dich,17
vitamin,17
hei,17
notice,17
painted,17
pal,17
thief,17
Canada,17
field,17
kit,17
rid,17
tag,17
skipping,17
Victoria,17
Cristina,17
cloth,17
mole,17
toro,17
country,17
Easter,17
Amy,16
prefer,16
trucks,16
creche,16
cupboard,16
Miami,16
Albert,16
magician,16
important,16
blood,16
purse,16
neve,16
doit,16
Pauline,16
invite,16
shovel,16
Lana,16
orang,16
weeny,16
naked,16
shooting,16
easier,16
crawl,16
demander,16
whistle,16
deed,16
toll,16
disappear,16
list,16
dust,16
Tuesday,16
Christina,16
peach,16
wrote,16
mil,16
trapped,16
diamond,16
bitt,16
double,16
snap,16
stack,16
electricity,16
confiture,16
Nicolas,16
copy,16
knocking,16
volume,16
thrown,16
sop,16
tog,16
deal,16
language,16
seem,16
mite,16
spade,16
trot,16
court,16
pompier,16
Daniel,16
Ted,16
cacao,15
Woody,15
sucre,15
mico,15
windmill,15
mask,15
locked,15
negro,15
pup,15
serve,15
via,15
simply,15
Moi,15
compare,15
anima,15
nana,15
colorful,15
introduce,15
foo,15
facing,15
order,15
dying,15
indeed,15
squish,15
example,15
rat,15
pancake,15
decided,15
landed,15
guard,15
stayed,15
untie,15
tra,15
U,15
ull,15
sant,15
raya,15
bota,15
kaka,15
least,15
refrigerator,15
roller,15
insect,15
passer,15
aire,15
dustbin,15
pata,15
jag,15
brood,15
semmit,15
fresh,15
grade,15
princesse,15
botella,15
lindo,15
bord,15
soldi,15
higher,15
Billy,15
broom,15
spray,15
amazing,15
map,15
match,15
Len,15
mixed,15
dried,15
mystery,15
group,15
upset,15
Elizabeth,15
Wednesday,15
ticktock,15
stream,15
Joshua,15
jam,15
Joey,15
weekend,15
bathing,15
cric,15
flap,15
dining,15
Annie,15
squeaking,15
regular,14
interested,14
covering,14
lees,14
erase,14
omer,14
lev,14
commence,14
manteau,14
hadden,14
bere,14
kept,14
facile,14
glad,14
forever,14
ana,14
belong,14
heat,14
becomes,14
fourth,14
several,14
lens,14
blink,14
squirting,14
themselves,14
sassy,14
sink,14
Pedro,14
nat,14
behave,14
thread,14
wounded,14
volar,14
marron,14
cocoon,14
breathe,14
practice,14
clay,14
H,14
laver,14
pape,14
shout,14
idiot,14
rond,14
lief,14
edge,14
pico,14
cuisine,14
combing,14
Paris,14
nor,14
nodding,14
Roberto,14
container,14
born,14
march,14
shy,14
Sarah,14
evening,14
nighttime,14
tanti,14
grosso,14
lip,14
obviously,14
memory,14
energy,14
spout,14
ocean,14
awake,14
maza,14
Simon,14
watched,14
croak,14
less,14
toko,14
broccoli,14
nut,14
clearly,14
aide,14
Peggy,14
costume,14
rewind,14
media,14
tool,14
arrow,14
bizarre,14
hotel,14
sapin,14
san,14
cheap,14
Tai,14
Lolo,14
skeleton,14
crow,14
toot,14
joker,14
spitting,14
glow,14
Londres,14
haze,14
raccoon,14
Tony,14
Bertie,14
Kelly,13
north,13
pole,13
flag,13
steering,13
speed,13
expect,13
wakes,13
date,13
especially,13
San,13
windy,13
height,13
statue,13
sharpener,13
tube,13
Mira,13
Giovanni,13
protect,13
buggy,13
xylophone,13
cartoon,13
steady,13
bouncing,13
puma,13
spicy,13
enter,13
tricycle,13
defend,13
axe,13
pendant,13
sting,13
difference,13
whee,13
Tina,13
mobile,13
spend,13
probeer,13
beef,13
perch,13
plug,13
repair,13
iris,13
min,13
juggle,13
kettle,13
angel,13
gut,13
glace,13
lollipop,13
tari,13
crackers,13
wire,13
puppet,13
gel,13
mistake,13
decorate,13
lune,13
tilt,13
slippery,13
burr,13
zee,13
serpent,13
coil,13
electric,13
zat,13
mouton,13
decide,13
arrive,13
pepper,13
modeler,13
grumpy,13
eraser,13
offer,13
quant,13
feather,13
reindeer,13
Bonnie,13
low,13
whack,13
normally,13
School,13
usual,13
slon,13
scar,13
elastic,13
wagon,13
waving,13
torch,13
baking,13
feuille,13
kin,13
Jess,13
checked,13
dom,13
colored,13
plait,13
shine,13
sunshine,13
paga,13
Frances,13
bamboo,13
junk,13
starfruit,13
Francis,13
Aaron,13
toco,12
banya,12
pique,12
useful,12
trailer,12
sparkling,12
tray,12
forgotten,12
sailor,12
nightingale,12
cloud,12
sentence,12
grandmother,12
imagine,12
jolly,12
aba,12
rug,12
bonbon,12
dura,12
flip,12
Bob,12
ostrich,12
knight,12
dragonfly,12
claw,12
lent,12
whine,12
purr,12
verre,12
gris,12
J,12
jours,12
flew,12
fireplace,12
erizo,12
Diana,12
birth,12
sole,12
fact,12
chao,12
schone,12
noodle,12
puddle,12
hiver,12
Japan,12
marvelous,12
kana,12
stealing,12
island,12
touched,12
melon,12
carriage,12
carried,12
ode,12
dor,12
section,12
stamp,12
bleeding,12
waking,12
valise,12
Nancy,12
wilt,12
ach,12
iron,12
twice,12
shampoo,12
fountain,12
fot,12
rack,12
lily,12
escalator,12
curve,12
tar,12
saved,12
hers,12
corps,12
restes,12
base,12
someday,12
Carrie,12
pad,12
perfume,12
fry,12
disc,12
champignon,12
awesome,12
hip,12
pack,12
resting,12
Julia,12
Hugo,12
Selina,12
barking,12
sill,12
shoelace,12
baseball,12
lay,12
Theo,12
weather,12
noel,12
bouge,12
secret,12
jellyfish,12
jeep,12
grownup,12
toucher,12
yest,12
honk,12
squash,12
quietly,12
verset,12
Bongo,12
scarf,12
thats,12
cheeky,12
equal,12
lech,12
tour,12
file,12
thunder,12
bagel,12
loo,11
neat,11
trust,11
prison,11
plum,11
zoom,11
sharpen,11
Gigi,11
tombe,11
doigt,11
mangi,11
controller,11
Ken,11
breaking,11
grandfather,11
dictionary,11
billy,11
bracelet,11
snatch,11
cub,11
filled,11
pony,11
amour,11
fur,11
th,11
expensive,11
cal,11
vag,11
ticklish,11
bocca,11
topi,11
hedgehog,11
grasshopper,11
landing,11
pinte,11
Venus,11
escoba,11
Kay,11
leu,11
diver,11
wird,11
N,11
possible,11
nim,11
runny,11
och,11
blueberry,11
hurting,11
beest,11
fum,11
sis,11
lavabo,11
domino,11
sweeping,11
stout,11
Dalmatian,11
rough,11
daughter,11
neither,11
tub,11
rinse,11
Lucy,11
singe,11
metal,11
freight,11
connect,11
sell,11
pound,11
bitten,11
ensemble,11
mammy,11
grill,11
sold,11
furniture,11
serio,11
fresco,11
ross,11
tomb,11
tidy,11
Catherine,11
flavor,11
engem,11
comfy,11
yee,11
bare,11
handkerchief,11
Benny,11
Cole,11
fiddle,11
competition,11
lettuce,11
drawn,11
whats,11
gym,11
completely,11
puff,11
Arian,11
complete,11
koto,11
recently,11
gree,11
cab,11
treasure,11
dough,11
conductor,11
security,11
Dada,11
melted,11
cheating,11
kiki,11
powerful,11
divan,11
poche,11
dripping,11
blonde,11
seize,11
museum,11
Sergio,11
Uranus,11
hyena,11
farther,11
papaya,11
helium,11
rover,11
rambutan,11
maru,11
kashi,11
goldfish,11
chaperon,11
coma,10
tune,10
dash,10
Margaret,10
cleaner,10
ranger,10
allow,10
passenger,10
fitting,10
operation,10
temperature,10
stepped,10
shela,10
pyjama,10
beaux,10
perdu,10
vista,10
fame,10
expert,10
news,10
Les,10
rota,10
parado,10
awa,10
builder,10
bluebird,10
rubbing,10
wound,10
daytime,10
tip,10
boring,10
relax,10
droit,10
poe,10
felt,10
tying,10
marrano,10
camara,10
shining,10
opposite,10
cave,10
beetle,10
thick,10
punt,10
delicate,10
azo,10
sail,10
twin,10
August,10
pork,10
travail,10
written,10
regal,10
perfectly,10
January,10
poke,10
cant,10
May,10
cycle,10
eggplant,10
worried,10
dropping,10
broo,10
fest,10
muss,10
sucking,10
deck,10
sept,10
ladies,10
title,10
sour,10
magical,10
Clifford,10
Nederlands,10
return,10
Jean,10
simple,10
gymnastics,10
awful,10
Rusty,10
Timothy,10
lonely,10
jealous,10
wizard,10
nach,10
whoop,10
treating,10
uta,10
sunflower,10
Bel,10
horrible,10
paddy,10
zip,10
chatting,10
railway,10
luck,10
Claudia,10
meeting,10
gross,10
tic,10
unless,10
danger,10
jumper,10
study,10
drunk,10
ticket,10
scooter,10
chef,10
poll,10
zipper,10
tweet,10
poem,10
drying,10
barret,10
daisy,10
rabbi,10
Luba,10
micro,10
destroy,10
disturb,10
root,10
stuffed,10
neigh,10
float,10
skiing,10
hako,10
district,10
Mars,10
rolled,10
emergency,10
quarto,10
cucumber,10
bloom,10
antelope,10
timer,10
fang,9
easter,9
nasty,9
below,9
sometime,9
Indian,9
measure,9
throat,9
further,9
cabinet,9
unhappy,9
teaching,9
maim,9
bruit,9
pause,9
stretch,9
waste,9
sliding,9
stepping,9
hugging,9
seek,9
rester,9
enormous,9
blah,9
elevator,9
raise,9
crowded,9
explain,9
filling,9
booty,9
translate,9
backward,9
pitch,9
sank,9
campo,9
Allen,9
batata,9
sleeve,9
album,9
quei,9
bambino,9
mang,9
sheet,9
hog,9
pell,9
peto,9
ultima,9
lave,9
caber,9
acor,9
tapadera,9
Po,9
dwarf,9
typewriter,9
seta,9
bruin,9
lava,9
act,9
decoration,9
versta,9
choice,9
stage,9
envelop,9
estate,9
souffle,9
mousse,9
stopping,9
confused,9
patio,9
polo,9
amaga,9
nanny,9
healthy,9
sunlight,9
March,9
Harold,9
university,9
classroom,9
wondering,9
covered,9
petal,9
hardly,9
platano,9
prize,9
wist,9
bookie,9
happily,9
totally,9
alike,9
circus,9
spring,9
otto,9
worked,9
goran,9
lane,9
badminton,9
address,9
oval,9
wardrobe,9
recognize,9
G,9
microwave,9
sultan,9
Angelina,9
siesta,9
plumber,9
ame,9
pliers,9
tun,9
hate,9
separate,9
syringe,9
beating,9
fi,9
quale,9
bom,9
stocking,9
team,9
beak,9
diddle,9
glove,9
gobble,9
flour,9
juggling,9
shush,9
Sylvester,9
Paula,9
Russia,9
krome,9
stud,9
roue,9
Mark,9
purpose,9
character,9
whisper,9
Italian,9
kat,9
among,9
Jupiter,9
Mercury,9
folder,9
echo,9
compost,9
Ellen,9
typhoon,9
circumference,9
chart,9
gorra,9
Tigre,9
louk,9
uva,8
area,8
south,8
fixing,8
happier,8
hidden,8
dressing,8
vest,8
ruler,8
rainy,8
pluma,8
fantastic,8
heartbeat,8
operating,8
Persian,8
bull,8
aunt,8
fraise,8
aider,8
pod,8
musical,8
finishing,8
dancer,8
bob,8
Dan,8
human,8
heaven,8
anyhow,8
lord,8
mau,8
loudly,8
generous,8
huge,8
stolen,8
roast,8
test,8
iguana,8
slip,8
timbre,8
Sharon,8
torn,8
zag,8
eighty,8
apply,8
Carol,8
shorter,8
suite,8
Ok,8
aura,8
village,8
parto,8
kip,8
tack,8
fancy,8
fifty,8
lean,8
target,8
toad,8
dizzy,8
drawers,8
lan,8
blank,8
Bab,8
Bible,8
Hans,8
hearts,8
aim,8
Hetty,8
Marie,8
knot,8
bay,8
Joseph,8
mines,8
rascal,8
settle,8
contents,8
tote,8
Nina,8
persona,8
cuesta,8
mani,8
October,8
Gertie,8
squeezing,8
hazle,8
junt,8
bulldozer,8
stood,8
ink,8
crack,8
brain,8
powder,8
trash,8
forth,8
wore,8
disguise,8
suggest,8
certainly,8
force,8
gray,8
dip,8
remind,8
struck,8
fuel,8
tank,8
pruh,8
tuffet,8
whey,8
toque,8
centipede,8
Katie,8
theek,8
palla,8
fluffy,8
Dani,8
fringe,8
banda,8
Ma,8
crunch,8
swinging,8
July,8
spare,8
tore,8
rhinoceros,8
kent,8
instrument,8
rot,8
trouser,8
itching,8
fives,8
America,8
sans,8
avocado,8
slice,8
prender,8
visage,8
rhino,8
dome,8
pita,8
codo,8
tapas,8
Samuel,8
stroke,8
violent,8
channel,8
chic,8
zorro,8
cost,8
snoring,8
culottes,8
saman,8
wrapped,8
Aladdin,8
nag,8
violet,8
skating,8
changer,8
bench,8
trist,8
roar,8
usar,8
June,8
construction,8
coke,8
tram,8
washer,8
lagging,8
nosey,8
pinch,8
Timon,8
selfish,8
splashed,8
flashing,8
Tano,8
launch,8
dun,8
ointment,8
lame,8
centile,8
melting,8
sportsman,8
Ay,8
exciting,7
crowd,7
moose,7
boar,7
plenty,7
thermometer,7
surgeon,7
sika,7
ping,7
hech,7
punto,7
Helen,7
bomb,7
boil,7
slot,7
pigeon,7
cones,7
meal,7
fasten,7
Andy,7
gon,7
September,7
thousand,7
flush,7
rule,7
fishy,7
cradle,7
highway,7
replace,7
smack,7
tee,7
bathe,7
log,7
lance,7
capable,7
venue,7
secos,7
quince,7
wrist,7
pun,7
proper,7
mele,7
raspberry,7
pipa,7
cay,7
flan,7
view,7
melody,7
art,7
closely,7
cor,7
casse,7
tui,7
nevo,7
enjoy,7
balm,7
spread,7
gypsy,7
dinge,7
obe,7
huss,7
alien,7
beautifully,7
profit,7
direction,7
certain,7
bumpy,7
tangle,7
smoking,7
bush,7
lead,7
chemise,7
demi,7
yawning,7
freeze,7
salle,7
surtout,7
tick,7
clop,7
bumble,7
master,7
Jacques,7
fed,7
Bruno,7
tickling,7
seventh,7
ordinary,7
principal,7
charge,7
lesson,7
frame,7
paintbrush,7
stupid,7
evil,7
pointy,7
grocery,7
sideways,7
nei,7
gar,7
crossed,7
divide,7
gotten,7
waw,7
baka,7
matte,7
mire,7
unfortunately,7
scoot,7
Jill,7
messing,7
tum,7
clapping,7
paddle,7
khat,7
chasma,7
chitra,7
lis,7
piscine,7
slept,7
wool,7
outline,7
noble,7
clipper,7
whit,7
amount,7
mend,7
beam,7
dod,7
harp,7
model,7
scratching,7
Dor,7
picky,7
gol,7
Margery,7
dernier,7
caoutchouc,7
frappe,7
chest,7
Francisco,7
passport,7
babushka,7
moy,7
sidi,7
spear,7
conter,7
session,7
Guillermo,7
alligator,7
somersault,7
cubito,7
arrest,7
ripping,7
single,7
tuza,7
cutty,7
although,7
yom,7
bes,7
dam,7
alarm,7
bot,7
chasseur,7
miaow,7
club,7
seventy,7
brat,7
ast,7
November,7
passing,7
salat,7
meaning,7
sneeze,7
bitter,7
waterfall,7
resemble,7
split,7
smooth,7
crea,7
burnt,7
Dick,7
bibi,7
ballerina,7
Ti,7
glub,7
wrinkled,7
vole,7
masque,7
menu,7
crumple,7
oho,7
pretzel,7
balancing,7
jail,7
bung,7
yolk,7
sprinkle,7
sunset,7
thigh,7
radar,7
champion,7
spoonful,7
verger,7
Rudolph,7
ere,7
Kim,7
zucchini,7
yawn,7
planta,6
polar,6
travel,6
bruise,6
judge,6
punch,6
punish,6
mack,6
Emma,6
cannon,6
sheat,6
queue,6
finis,6
Louis,6
ora,6
ush,6
idiom,6
munt,6
patina,6
ase,6
salty,6
grew,6
pointed,6
wrapping,6
W,6
leaning,6
form,6
worse,6
ferry,6
distance,6
scene,6
attack,6
blind,6
forwards,6
skip,6
instant,6
arriver,6
quinze,6
pant,6
nipping,6
cuddle,6
hell,6
Darius,6
rare,6
soccer,6
Afric,6
mezzo,6
tasted,6
pol,6
fantastico,6
tiza,6
smelling,6
ope,6
stab,6
thy,6
canto,6
catalina,6
cable,6
grot,6
gee,6
okee,6
pearl,6
curly,6
fifth,6
repellent,6
Leung,6
engineer,6
intestine,6
paquet,6
manzanilla,6
martin,6
margarita,6
necessary,6
pray,6
mantel,6
raising,6
untied,6
soya,6
rapid,6
famous,6
uncomfortable,6
Arthur,6
sweating,6
range,6
holder,6
quarter,6
irene,6
scold,6
Lucia,6
premier,6
mighty,6
toboggan,6
douche,6
assise,6
forme,6
broma,6
lieve,6
pintura,6
barbecue,6
horsy,6
cam,6
chip,6
pepo,6
olla,6
maki,6
younger,6
accompany,6
buddy,6
bold,6
anterior,6
braccio,6
spiral,6
gorgeous,6
Gilbert,6
spent,6
bummer,6
flashlight,6
lower,6
fault,6
bouncer,6
breathing,6
juicy,6
weak,6
deliver,6
sandbox,6
rosy,6
action,6
dock,6
basically,6
imagination,6
mouche,6
Geneva,6
artist,6
massive,6
brow,6
plaster,6
whiny,6
frozen,6
Lo,6
sneezing,6
marry,6
everyday,6
dick,6
adult,6
toddler,6
loco,6
carton,6
image,6
baboon,6
Britain,6
sensible,6
sable,6
titi,6
Ariel,6
twirl,6
grasp,6
Michigan,6
drip,6
wooden,6
screw,6
sonar,6
chal,6
ditch,6
conduit,6
coucher,6
fried,6
coo,6
prawn,6
Santiago,6
snowy,6
altogether,6
cree,6
joke,6
kino,6
toward,6
Isabel,6
regent,6
whoopee,6
collare,6
duel,6
sweat,6
Rabin,6
photograph,6
flash,6
loca,6
cape,6
familiar,6
guessing,6
rhyme,6
quieter,6
incredible,6
mone,6
pouce,6
smacking,6
dot,6
business,6
pussycat,6
hero,6
softly,6
kame,6
baste,6
wicked,6
buzz,6
wrench,6
original,6
driven,6
pajama,6
Freddy,6
dagger,6
Boston,6
lace,6
mulla,6
Piet,6
puce,6
west,6
glittering,6
kazoo,6
vehicle,6
print,6
royal,6
bald,6
motorcyclist,6
Mara,6
pueblo,6
Lula,6
scarp,6
Sylvia,6
stapler,6
connected,6
Saturn,6
skate,6
compartment,6
pedal,6
waist,6
retire,6
monte,6
china,6
aurora,6
foggy,6
shield,6
clothing,6
hood,6
crumpled,6
abracadabra,6
Nick,6
fatter,6
dush,6
Dorothy,6
calf,6
Stan,6
yeta,6
cork,6
comet,6
choca,5
autocar,5
gown,5
wanting,5
understood,5
pressure,5
spanner,5
quanta,5
level,5
amin,5
amar,5
kuku,5
position,5
voyage,5
lope,5
neer,5
nome,5
tailor,5
death,5
digging,5
diem,5
rata,5
kiri,5
exchange,5
April,5
phon,5
hairy,5
slipped,5
babe,5
jog,5
poking,5
rush,5
weed,5
teak,5
kithe,5
char,5
lea,5
campana,5
warmer,5
direct,5
rah,5
coda,5
state,5
report,5
haver,5
barcelona,5
mant,5
American,5
haircut,5
cheerful,5
tightly,5
shouting,5
Virginia,5
kingdom,5
edible,5
paddling,5
gata,5
wang,5
spilt,5
vacation,5
gal,5
hearing,5
stripe,5
cure,5
hiccup,5
mode,5
prate,5
tong,5
kaki,5
bier,5
noria,5
poppy,5
entire,5
sleigh,5
bats,5
yoursel,5
approach,5
warming,5
poop,5
rinsing,5
pow,5
support,5
savage,5
journey,5
yap,5
winkel,5
commencer,5
fou,5
matching,5
cheep,5
sert,5
taille,5
culpa,5
korova,5
sweety,5
trap,5
gauche,5
worn,5
Patrick,5
ourselves,5
woohoo,5
Dave,5
marker,5
message,5
notebook,5
puny,5
particular,5
Elaine,5
eighth,5
Mac,5
toyshop,5
molecule,5
bullet,5
trombone,5
heading,5
polka,5
enjoying,5
handed,5
Juan,5
peacock,5
stirring,5
path,5
keeping,5
concentrate,5
fierce,5
pete,5
Adriana,5
Nou,5
weird,5
plight,5
paying,5
broomstick,5
storm,5
liquid,5
stall,5
within,5
hedge,5
Bill,5
slee,5
revolting,5
blocking,5
student,5
studied,5
bookcase,5
factory,5
Rosa,5
pasan,5
assi,5
whoosh,5
wincey,5
Carmen,5
cheat,5
itch,5
oliva,5
eater,5
chalet,5
Christian,5
clips,5
gib,5
Star,5
coach,5
coccinella,5
damage,5
Hermione,5
background,5
dita,5
drank,5
common,5
sailing,5
recto,5
Goliath,5
armor,5
begut,5
heavily,5
shi,5
tora,5
Hawaiian,5
bub,5
sports,5
sandal,5
luge,5
spinach,5
bolden,5
spark,5
calli,5
snore,5
describe,5
blub,5
floss,5
Una,5
hull,5
east,5
aquarium,5
printer,5
wedding,5
waddling,5
Jerry,5
pickle,5
storybook,5
fool,5
yede,5
Micky,5
curious,5
Bernard,5
goggle,5
rail,5
voet,5
India,5
version,5
kay,5
rob,5
boa,5
burned,5
pand,5
ninth,5
upstair,5
serviette,5
greedy,5
Cindy,5
severe,5
silent,5
meio,5
response,5
zak,5
bonnet,5
Lincoln,5
Io,5
jug,5
blackberry,5
ouf,5
dial,5
hare,5
kappe,5
mate,5
mixer,5
boss,5
Markus,5
situation,5
woodcutter,5
losing,5
scaffolding,5
clipping,5
As,5
orchard,5
sudden,5
manager,5
closet,5
examine,5
batman,5
plain,5
detail,5
freezer,5
puck,5
yam,5
runway,5
grace,5
squid,5
weighed,5
golf,5
Waiwai,5
racket,5
Linus,5
steak,5
staring,5
slope,5
peek,5
equipment,5
stain,5
shipping,5
tormenta,5
dribble,5
sillon,5
hoti,5
candela,5
mammoth,5
gander,5
mao,5
Antarctica,5
Solera,5
rumble,5
caballer,5
baston,5
manner,4
lavatory,4
company,4
style,4
season,4
shown,4
design,4
Lui,4
Amen,4
jaguar,4
rise,4
creator,4
department,4
platform,4
shama,4
lieu,4
tapis,4
Caesar,4
gallet,4
sab,4
Omar,4
stock,4
agent,4
cerise,4
boiling,4
shill,4
lotion,4
knob,4
therefore,4
mac,4
cruel,4
magi,4
Alison,4
shoo,4
Harry,4
singer,4
manage,4
scoop,4
gunpowder,4
sight,4
dumping,4
temporary,4
plage,4
saute,4
gusto,4
corta,4
Madrid,4
V,4
coca,4
panting,4
shook,4
lumpy,4
slang,4
sung,4
scarecrow,4
tempo,4
murderer,4
mullar,4
campanilla,4
vender,4
blade,4
twentieth,4
granddad,4
impossible,4
palet,4
mania,4
luggage,4
goutte,4
poser,4
porter,4
guidon,4
pratique,4
tasse,4
copa,4
ape,4
label,4
repeat,4
gang,4
boll,4
gula,4
capsa,4
badge,4
balanced,4
indoor,4
shock,4
cheater,4
salten,4
corridor,4
flooding,4
sip,4
dais,4
birdy,4
forehead,4
imitate,4
ember,4
stamper,4
journal,4
pill,4
decorated,4
Barbara,4
pouf,4
library,4
loop,4
acting,4
charming,4
ur,4
verve,4
passen,4
roi,4
cargo,4
branch,4
curved,4
dont,4
lolly,4
toit,4
tock,4
camper,4
shed,4
passant,4
mense,4
minder,4
peter,4
semblant,4
hagi,4
abominable,4
pressing,4
tart,4
casque,4
obvious,4
ankle,4
soles,4
system,4
Victor,4
roughhouse,4
Kathy,4
wart,4
hostess,4
ber,4
dozen,4
crossing,4
silvery,4
chock,4
disguised,4
bajan,4
realize,4
meanwhile,4
Sal,4
guest,4
lust,4
filo,4
verdure,4
scotch,4
specie,4
core,4
wander,4
nibble,4
December,4
smash,4
bog,4
spine,4
raincoat,4
Danny,4
Seri,4
shore,4
contest,4
agreed,4
blues,4
shallow,4
splashy,4
slosh,4
crabby,4
Russian,4
planeta,4
brownie,4
Adrian,4
cast,4
pardo,4
prick,4
resort,4
visiting,4
magas,4
tops,4
kennel,4
surface,4
swam,4
immediately,4
palace,4
ire,4
appear,4
nowhere,4
chopping,4
victor,4
syrup,4
speel,4
mild,4
thundering,4
cooler,4
naam,4
armchair,4
rang,4
mora,4
valent,4
feria,4
contra,4
chun,4
puss,4
pram,4
postman,4
colorin,4
estufa,4
barn,4
nuisance,4
rocking,4
prepared,4
ravioli,4
vampire,4
flu,4
scorpion,4
bakery,4
rich,4
Jinny,4
tweezers,4
Lena,4
lately,4
bride,4
cinema,4
impressive,4
mince,4
tue,4
Timo,4
tables,4
checkup,4
anyways,4
pine,4
complicated,4
dee,4
shee,4
pua,4
wup,4
tige,4
mana,4
produce,4
capital,4
ninety,4
timbal,4
plaza,4
Hebrew,4
souper,4
unicorn,4
relief,4
bait,4
fusil,4
diary,4
forgetting,4
politely,4
chariot,4
whispering,4
bubbly,4
porch,4
Herman,4
wen,4
runner,4
eme,4
elegant,4
Leon,4
voe,4
Banbury,4
spelling,4
gugu,4
cho,4
sixth,4
bast,4
appreciate,4
chain,4
prim,4
flute,4
responde,4
golpe,4
volcano,4
corse,4
preschool,4
submarine,4
breath,4
pote,4
civil,4
cand,4
Jimmy,4
Koch,4
plak,4
helper,4
reflection,4
Alexander,4
personal,4
collect,4
Loyd,4
stond,4
claim,4
thinner,4
surely,4
ordered,4
slim,4
freezing,4
baked,4
snuggle,4
plop,4
drill,4
scale,4
jota,4
wiggle,4
galaxy,4
eclipse,4
zigzag,4
bowwow,4
Mamie,4
handcraft,4
habitude,4
kneel,4
unusual,4
captain,4
lightning,4
mina,4
twisted,4
napoleon,4
cent,4
lunar,4
casserole,4
interest,4
nectar,4
wax,4
impolite,4
Philippines,4
diesel,4
owe,4
hiragana,4
Adam,4
forgive,4
tat,4
Angus,4
steadily,4
barney,4
giddy,4
cube,4
shaped,4
almond,4
selling,4
fighter,4
chapter,4
balu,4
duty,4
sesame,4
seaside,4
lump,4
poot,4
dumper,4
wallet,4
assistant,4
shopkeeper,4
hurried,4
Mick,4
laine,4
batik,4
Lenny,4
chauffer,4
unpeeled,4
monas,4
Tangerine,4
dey,4
signal,4
oxen,4
sunglass,4
ash,4
citron,4
florist,4
tough,4
Lu,4
jack,4
beta,4
chief,4
mide,4
radish,4
fico,4
caw,4
spindle,4
klop,4
asteroid,4
Kerry,4
jeans,4
swamp,4
dure,3
manche,3
mojo,3
earn,3
icy,3
entrance,3
cheer,3
brushes,3
error,3
gracious,3
output,3
transcription,3
attached,3
continuous,3
operate,3
passage,3
learnt,3
bolo,3
flight,3
ax,3
shalom,3
vei,3
vapor,3
olive,3
textbook,3
tempered,3
scalar,3
Eve,3
tile,3
laid,3
agree,3
cricket,3
Merida,3
norma,3
canso,3
percha,3
shabby,3
Shirley,3
cunning,3
pity,3
odd,3
slid,3
fuzzy,3
lemonade,3
convenient,3
bowling,3
goal,3
wiggly,3
provoking,3
Benjamin,3
nearby,3
lighter,3
gorge,3
warning,3
palas,3
compote,3
dug,3
bud,3
frighten,3
canister,3
buzzing,3
dummy,3
snatching,3
Brussels,3
classes,3
scolding,3
nogal,3
conversation,3
whup,3
angle,3
snails,3
saving,3
indoors,3
theory,3
flota,3
gracioso,3
natural,3
baar,3
ronde,3
safeguard,3
Bobby,3
hallowed,3
sec,3
provant,3
Alaska,3
Sir,3
mouille,3
sub,3
pillar,3
bor,3
Philip,3
mission,3
Lai,3
bema,3
eve,3
tch,3
yourselves,3
flood,3
blown,3
genial,3
magnifier,3
zing,3
Boris,3
happiness,3
fragile,3
boule,3
pst,3
hart,3
gesture,3
pounding,3
underwater,3
diagonal,3
hut,3
violon,3
korona,3
suspension,3
trestle,3
female,3
apricot,3
woodland,3
jaun,3
chasse,3
pistolet,3
utile,3
sauf,3
stylish,3
musician,3
dak,3
Frank,3
coll,3
Jo,3
eventually,3
nights,3
ave,3
brucia,3
Lawrence,3
tit,3
Oliver,3
Mercedes,3
curt,3
memoria,3
nova,3
toman,3
wasting,3
toenail,3
British,3
joining,3
celebrate,3
ignore,3
headphone,3
visitor,3
fascinating,3
fant,3
ways,3
awfully,3
workshop,3
search,3
guarantee,3
patine,3
fought,3
gumdrop,3
extremely,3
clue,3
mado,3
success,3
forte,3
nodi,3
trophy,3
siren,3
spatula,3
arrange,3
strife,3
flesh,3
liking,3
locking,3
sledge,3
pail,3
rising,3
orbit,3
bumblebee,3
mere,3
leger,3
nori,3
hyperactive,3
fiddler,3
justo,3
Buddha,3
inflatable,3
jara,3
tho,3
beg,3
argue,3
killing,3
laser,3
twinkling,3
toothache,3
undress,3
invent,3
huff,3
whiner,3
pika,3
trace,3
palm,3
Rita,3
Z,3
however,3
midnight,3
tease,3
nosy,3
crystal,3
giro,3
nod,3
dum,3
load,3
springe,3
placard,3
cull,3
disappointed,3
conference,3
strike,3
vee,3
calculator,3
Noah,3
fluff,3
stamping,3
added,3
severely,3
gola,3
prop,3
Ramona,3
obedient,3
basto,3
hau,3
led,3
incase,3
boba,3
dung,3
plasticine,3
Brian,3
jarra,3
partly,3
satisfied,3
tablecloth,3
tuba,3
mein,3
duper,3
cod,3
freeway,3
trout,3
uphill,3
downhill,3
trilingual,3
fez,3
bianco,3
hall,3
brushed,3
technique,3
patience,3
article,3
pregnant,3
pic,3
fuss,3
tourist,3
passo,3
pinguin,3
chilla,3
envelope,3
Bart,3
toto,3
vimana,3
patent,3
rosario,3
peso,3
sling,3
sar,3
papillon,3
rider,3
piny,3
Claudio,3
elves,3
traveling,3
chapeaux,3
donna,3
cannibal,3
campagna,3
peed,3
goer,3
feast,3
glitter,3
spreading,3
manga,3
rein,3
rea,3
wark,3
bely,3
nave,3
loading,3
traveled,3
dental,3
convince,3
Tabitha,3
kelt,3
coffin,3
magnetic,3
jazz,3
hairbrush,3
sorra,3
rie,3
dull,3
foal,3
medium,3
huckle,3
ako,3
leftover,3
dresser,3
tongs,3
nash,3
valley,3
mandarin,3
trembling,3
mastic,3
earring,3
holy,3
yell,3
sewed,3
pixie,3
experience,3
choke,3
distract,3
pitpit,3
congee,3
solve,3
differently,3
brownish,3
tangy,3
speen,3
badly,3
lari,3
scrape,3
spotty,3
tchai,3
tickled,3
asiento,3
mist,3
Pam,3
Al,3
science,3
Walt,3
cache,3
placer,3
chalk,3
hopefully,3
bong,3
autumn,3
pelican,3
compute,3
excite,3
chai,3
sparkly,3
outdoors,3
gade,3
pinching,3
originally,3
hoarding,3
tort,3
manas,3
lotto,3
service,3
collection,3
exclamation,3
chopstick,3
connection,3
similar,3
hairband,3
research,3
wrestle,3
ait,3
dossier,3
Anton,3
yellows,3
poorly,3
elk,3
cliff,3
riddle,3
overalls,3
discovered,3
steep,3
Helena,3
cleanup,3
lining,3
chay,3
beaver,3
kroon,3
teet,3
shutting,3
jaw,3
banco,3
mouthful,3
flavour,3
rosemary,3
Chip,3
Dale,3
cortina,3
sull,3
Washington,3
Maine,3
tearing,3
Greta,3
hange,3
data,3
worst,3
Dian,3
tech,3
unite,3
Will,3
outfit,3
welly,3
burst,3
swishy,3
sew,3
winning,3
soapy,3
prune,3
nappe,3
steer,3
Flora,3
Those,3
curse,3
bill,3
baton,3
latest,3
Gaspar,3
tercer,3
Neptune,3
faro,3
sensitive,3
wiper,3
tambourine,3
rue,3
chino,3
bufo,3
lander,3
parfait,3
electrical,3
clam,3
classmate,3
pretended,3
scho,3
Sue,3
pantograph,3
messe,3
kora,3
naga,3
caramba,3
laura,3
minded,3
wedge,3
straighten,3
symbol,3
sora,3
raft,3
strap,3
wheelbarrow,3
Nora,3
pompon,3
strength,3
pumper,3
skillful,3
ruined,3
modern,3
civilized,3
fragrant,3
Luis,3
weigh,3
peak,3
Ned,3
amen,3
tender,3
reel,3
sow,3
rad,3
snowflake,3
flake,3
kran,3
rectangular,3
hocus,3
pian,3
buck,3
surveillance,3
goblin,3
designed,3
paddled,3
receiver,3
testing,3
cyclist,3
talles,3
guardant,3
plume,3
grain,3
whereabouts,3
tenth,3
fiftieth,3
length,3
knowing,3
booklet,3
deflate,3
outer,3
mapach,3
horrid,3
cobbler,3
montant,3
skull,3
teen,3
peace,3
bully,3
Stacy,3
Erica,3
Chen,3
yon,3
wasteland,3
eldest,3
hunt,3
hopped,3
humming,3
planting,3
saliva,3
visor,3
Andrea,3
brief,3
crush,3
nervous,3
poked,3
appetite,3
peeled,3
noisette,3
maker,3
camilla,3
montem,3
chasm,3
shale,3
kiva,3
cine,3
salute,3
chateau,3
term,3
Ollie,3
stork,3
earphone,3
code,3
tup,3
fear,3
pew,3
slingshot,3
opinion,3
mambo,3
Isaac,3
Ernest,3
Joan,3
grille,3
Gerald,3
Toby,3
hoopla,3
rada,3
omen,3
blessing,3
oxygen,3
terminal,3
custard,3
hydrometer,3
torso,3
soupy,3
cotton,3
woolly,3
kneecap,3
tricking,3
sorcerer,3
sorter,3
Christine,3
gigantic,3
furry,3
vota,3
anal,2
miracle,2
transition,2
cantala,2
presumably,2
refuse,2
Son,2
journalist,2
prisoner,2
paradise,2
reporter,2
noon,2
goods,2
fake,2
Bess,2
autoscope,2
pulse,2
wheeled,2
anesthetic,2
soundly,2
surgical,2
scrap,2
shelter,2
lak,2
amra,2
avo,2
semble,2
embargo,2
steen,2
Ji,2
function,2
carrier,2
property,2
advertisement,2
husband,2
rage,2
warrior,2
adjust,2
reset,2
auh,2
murmur,2
fifteenth,2
dent,2
entrant,2
clothe,2
Terry,2
Johnny,2
hound,2
alphabetic,2
carnival,2
rushing,2
viewer,2
shutter,2
tremendous,2
drag,2
mell,2
tamp,2
trigger,2
sounding,2
wag,2
stiff,2
elsewhere,2
pitching,2
manners,2
rit,2
progression,2
tope,2
Eleanor,2
seldom,2
lawn,2
affection,2
stung,2
stinging,2
bander,2
lalo,2
peeling,2
kermis,2
damn,2
chap,2
volleyball,2
braccia,2
mechanic,2
vice,2
earthworm,2
pert,2
melena,2
Elia,2
aviso,2
ante,2
quemado,2
anorak,2
pac,2
bleed,2
flora,2
amphibian,2
mammal,2
anna,2
habille,2
poussette,2
torchon,2
renverse,2
robinet,2
transparent,2
secreto,2
badger,2
elder,2
survive,2
flow,2
reward,2
kilo,2
gardening,2
delete,2
martinet,2
diaphragm,2
remarkably,2
lung,2
maid,2
pancreas,2
gin,2
flaming,2
express,2
Kiki,2
Dori,2
command,2
vision,2
praying,2
bari,2
center,2
robin,2
Olaf,2
Napoleon,2
bundle,2
polos,2
hin,2
wem,2
traduce,2
rima,2
fut,2
bookshelf,2
guide,2
Letty,2
shoppy,2
drunken,2
paw,2
medical,2
tighten,2
dashing,2
halve,2
bijoux,2
forcer,2
mona,2
advantage,2
mistaken,2
horizontal,2
Roman,2
vie,2
Luc,2
entangled,2
rented,2
dolor,2
attach,2
self,2
tinkling,2
rowing,2
flyer,2
tales,2
slided,2
gear,2
tableau,2
posca,2
aid,2
note,2
rideau,2
toilette,2
marcher,2
trait,2
ama,2
yok,2
dishwasher,2
bunk,2
minnie,2
poh,2
tone,2
wone,2
mineral,2
olio,2
lingua,2
dew,2
Emm,2
mitra,2
pott,2
retour,2
klaxon,2
acrobat,2
cob,2
humid,2
wasp,2
bossy,2
coal,2
polish,2
precious,2
gap,2
envy,2
mattress,2
counter,2
tiding,2
blur,2
Rich,2
swap,2
becoming,2
algae,2
hatt,2
riem,2
scala,2
goofy,2
propeller,2
voyager,2
disk,2
craft,2
patch,2
index,2
sprinkler,2
tournament,2
celebrated,2
anxiously,2
recover,2
curled,2
cabezon,2
Natalia,2
theater,2
considered,2
eager,2
emmer,2
madam,2
canzon,2
diner,2
duma,2
suffer,2
bash,2
helpful,2
roam,2
lentil,2
personally,2
stale,2
crowing,2
cranky,2
solar,2
panel,2
international,2
revet,2
rive,2
spise,2
active,2
horror,2
brittle,2
stingy,2
thirteenth,2
staircase,2
link,2
zodiac,2
kindhearted,2
cockscomb,2
chatter,2
squelchy,2
disturbing,2
Q,2
ado,2
bhat,2
spat,2
armonica,2
stella,2
topo,2
blackboard,2
taa,2
bur,2
army,2
spotted,2
patty,2
pickup,2
bind,2
temptation,2
tumbling,2
puffed,2
clumsy,2
Irish,2
saucer,2
barefooted,2
crease,2
fosse,2
befan,2
splosh,2
unbutton,2
pupil,2
squatting,2
aboard,2
beyond,2
stable,2
price,2
storyteller,2
flipper,2
whilst,2
lento,2
hibernate,2
Irene,2
pais,2
bombo,2
cantara,2
snicker,2
majesty,2
toffee,2
quarreling,2
parasol,2
taar,2
bending,2
hammering,2
Jeffery,2
skunk,2
visita,2
culebra,2
slider,2
conto,2
lai,2
nickname,2
nip,2
explore,2
wished,2
shaded,2
funky,2
literally,2
cest,2
loaded,2
pong,2
likely,2
frightening,2
crumpling,2
conduce,2
muck,2
undone,2
mage,2
prescribe,2
suggestion,2
gangan,2
pepino,2
mathematician,2
terribly,2
anta,2
Pete,2
Pierrot,2
terminer,2
buckwheat,2
deben,2
fatal,2
bacon,2
Hun,2
sag,2
sixty,2
blacker,2
loving,2
scopa,2
circular,2
outstanding,2
certificate,2
portfolio,2
salesman,2
talkative,2
Ursula,2
viola,2
nigh,2
baguette,2
crier,2
item,2
sud,2
Judy,2
mail,2
classical,2
argument,2
cavalla,2
total,2
Solomon,2
battle,2
baff,2
gobbe,2
slur,2
ak,2
tabet,2
ra,2
shita,2
musha,2
twelfth,2
movement,2
liar,2
bargain,2
vigilant,2
ultimo,2
molest,2
puli,2
pus,2
eche,2
muggy,2
requin,2
pia,2
guao,2
karaoke,2
penna,2
mold,2
clover,2
ligger,2
starship,2
Spock,2
chilly,2
Mo,2
sapo,2
interruption,2
banyan,2
mulga,2
Moll,2
cartel,2
Andi,2
bra,2
sociable,2
sporty,2
poetry,2
worker,2
prove,2
truth,2
determined,2
herbal,2
trod,2
Jim,2
exhausting,2
gliding,2
pager,2
teli,2
stubborn,2
embarrassing,2
hush,2
brass,2
tig,2
gibbon,2
Sus,2
gen,2
temper,2
annoy,2
Christ,2
ayu,2
rayon,2
luckily,2
writ,2
route,2
vielle,2
hoot,2
rattling,2
tend,2
demanding,2
ticky,2
visite,2
communication,2
imaginer,2
granddaughter,2
snout,2
tumble,2
sum,2
nutty,2
Eric,2
Susan,2
trek,2
chais,2
contour,2
phot,2
rook,2
duim,2
grano,2
pillas,2
cash,2
release,2
pave,2
blan,2
tor,2
escudo,2
cooling,2
plural,2
err,2
aqua,2
instance,2
screwing,2
woe,2
stink,2
Bal,2
honeysuckle,2
cord,2
harbor,2
stola,2
bendy,2
observation,2
missy,2
moisture,2
telega,2
glib,2
math,2
multiplication,2
grad,2
learned,2
nightmare,2
remarque,2
plier,2
serai,2
recommencer,2
mention,2
period,2
attractive,2
trainer,2
filet,2
distilled,2
injured,2
stabbing,2
squelching,2
cell,2
officially,2
plank,2
pur,2
quica,2
eleventh,2
cate,2
unca,2
banc,2
affect,2
mariner,2
nako,2
tithe,2
granate,2
exhibit,2
highest,2
hone,2
Bu,2
underwear,2
Ian,2
discuss,2
speedy,2
phew,2
Silvia,2
sortie,2
Katy,2
yellowish,2
dang,2
orphan,2
foul,2
circling,2
crook,2
kayak,2
Carmela,2
alcalde,2
poy,2
zabra,2
hula,2
decision,2
copter,2
carpenter,2
lapper,2
buttock,2
slinge,2
doughnut,2
lag,2
fume,2
berry,2
blup,2
raw,2
gau,2
woofy,2
Texas,2
Ohio,2
Kentucky,2
South,2
Debbie,2
Evan,2
sixteenth,2
trow,2
excursion,2
poof,2
conduct,2
brand,2
perverse,2
vet,2
depending,2
bluey,2
vinegar,2
urgent,2
girlie,2
cardigan,2
knit,2
icing,2
reed,2
series,2
verse,2
starfish,2
Bernice,2
enclose,2
admit,2
promising,2
avoid,2
yoga,2
chouette,2
revolving,2
handrail,2
Fred,2
gingerbread,2
contractor,2
shame,2
squeezer,2
buckle,2
yelling,2
clerk,2
catty,2
ram,2
levers,2
windshield,2
directly,2
cot,2
brightness,2
generally,2
rink,2
banzai,2
Andrew,2
afterward,2
champagne,2
barber,2
breast,2
minus,2
appropriate,2
Ab,2
Abu,2
Mes,2
continuer,2
inviter,2
patte,2
Willie,2
audience,2
Sidney,2
invitation,2
Jin,2
volent,2
jupe,2
trompe,2
velo,2
Nona,2
marc,2
banquet,2
capture,2
sending,2
ramp,2
reflecting,2
seismometer,2
fist,2
material,2
chomp,2
future,2
proximity,2
disposal,2
various,2
bureau,2
converse,2
bladder,2
Serena,2
wife,2
receive,2
subject,2
pier,2
Martian,2
pastoral,2
quit,2
glee,2
gamba,2
photographer,2
miserable,2
rocky,2
eulalia,2
collarino,2
Bethlehem,2
collaret,2
vertical,2
Charles,2
gunk,2
charm,2
naturally,2
chicle,2
challenge,2
curl,2
cass,2
Romane,2
gabi,2
givey,2
hopeless,2
Ezra,2
variety,2
dreadful,2
role,2
credit,2
pebble,2
spacing,2
slipping,2
useless,2
blossom,2
surname,2
sons,2
hippopotamus,2
private,2
blee,2
contain,2
scan,2
coaster,2
antenna,2
Natalie,2
mima,2
yad,2
topic,2
serra,2
alvar,2
genius,2
sonic,2
fuselage,2
jumbo,2
phantom,2
ropes,2
karate,2
amongst,2
hotter,2
sinking,2
penthouse,2
heater,2
calendar,2
Nicolette,2
galline,2
promenade,2
permission,2
growth,2
discrepancy,2
trained,2
assessment,2
average,2
equivalent,2
general,2
correlate,2
project,2
parent,2
measured,2
measuring,2
related,2
detailed,2
Eli,2
gogo,2
Ho,2
Kit,2
Bristol,2
whichever,2
creature,2
lighting,2
Karen,2
entree,2
blanda,2
canasta,2
fizzy,2
sponge,2
Doyle,2
wriggly,2
reasonable,2
quench,2
technician,2
complain,2
headed,2
Joanne,2
observing,2
doodle,2
eyebrow,2
Selena,2
mort,2
raash,2
pentol,2
tapet,2
willy,2
massage,2
object,2
stationery,2
setting,2
text,2
heehaw,2
provoke,2
idite,2
disconnected,2
Howard,2
sweeper,2
constructive,2
destructive,2
Felix,2
lancer,2
tuck,2
bink,2
display,2
crunchy,2
scrabble,2
Gi,2
depressor,2
governor,2
handbook,2
gan,2
jato,2
paisa,2
jib,2
darkness,2
sadly,2
smallpox,2
Casper,2
muse,2
barb,2
toss,2
chaudron,2
Net,2
suffocate,2
dusty,2
cocorico,2
quatorze,2
bhang,2
batty,2
whither,2
chamber,2
douse,2
rotten,2
legger,2
Jay,2
swollen,2
zeta,2
chum,2
wig,2
oclock,2
pome,2
yakin,2
nosed,2
kala,2
Morgan,2
Julius,2
totchka,2
cuckoo,2
eggy,2
sasa,2
cask,2
fugle,2
Abo,2
hexagon,2
Eddie,2
Pole,2
nugget,2
cabin,2
emperor,2
trapeze,2
hammock,2
unclear,2
flown,2
sincere,2
apology,2
cardboard,2
bulb,2
ending,2
fowl,2
exist,2
rotating,2
surrounded,2
pyramides,2
Pongo,2
bache,2
sheath,2
manzanita,2
eighteenth,2
nid,2
plow,2
package,2
Marc,2
region,1
possibly,1
stadium,1
speedometer,1
pinafore,1
righto,1
grampa,1
prayer,1
jockey,1
frock,1
strow,1
unpack,1
accent,1
blurry,1
soger,1
rove,1
kulm,1
tala,1
wonderland,1
buba,1
syntax,1
ket,1
cranker,1
grein,1
lich,1
servet,1
guar,1
expand,1
dispose,1
belonging,1
traitor,1
barrette,1
tattoo,1
prime,1
rate,1
queer,1
mumbling,1
option,1
blame,1
flushing,1
pitting,1
partner,1
trial,1
lightening,1
hygiene,1
takar,1
wetter,1
freshen,1
coveting,1
habitat,1
frankly,1
expanding,1
bison,1
droopy,1
supposedly,1
unlock,1
unlike,1
sunk,1
canoeing,1
snapshot,1
spectacle,1
tendance,1
genre,1
vodka,1
cranberry,1
lances,1
plantar,1
Carlos,1
recommence,1
wene,1
incorrigible,1
bassoon,1
nak,1
percent,1
Donal,1
presto,1
walnut,1
exhibition,1
rash,1
ideally,1
bidet,1
rhubarb,1
wast,1
maximum,1
staccato,1
stanza,1
Swiss,1
beware,1
horseman,1
killer,1
irritating,1
tambo,1
aum,1
anteater,1
sweaty,1
Jennifer,1
longe,1
ocarina,1
mussy,1
midwife,1
waved,1
production,1
unbelievable,1
washroom,1
cougar,1
suffocating,1
abb,1
attendant,1
tite,1
meny,1
drug,1
ust,1
tipping,1
boxing,1
defeat,1
pombo,1
grog,1
kona,1
galgal,1
crushed,1
quarters,1
require,1
picker,1
Maureen,1
understandable,1
pronunciation,1
cerebrum,1
gullet,1
ureter,1
pronounce,1
bowel,1
monolingual,1
negative,1
hoof,1
dama,1
Bordeaux,1
pipit,1
ess,1
sorb,1
wiser,1
kicker,1
politeness,1
cottage,1
detour,1
Ida,1
stoot,1
panter,1
bote,1
bam,1
automata,1
gentleman,1
user,1
explode,1
communicate,1
touchy,1
omelette,1
panne,1
peres,1
considerate,1
gambling,1
accompaniment,1
handicraft,1
hurty,1
termino,1
mem,1
nonverbal,1
stunt,1
roaster,1
zer,1
soaking,1
robust,1
crossover,1
stereoscope,1
sparrow,1
regard,1
midden,1
pendule,1
safety,1
abu,1
ficelle,1
tought,1
harbour,1
rouleau,1
apprend,1
boucher,1
causer,1
coiffure,1
collage,1
equilibrio,1
levant,1
pari,1
augh,1
pianino,1
grilled,1
abandoned,1
movable,1
campus,1
junta,1
moro,1
tovar,1
suant,1
kist,1
frase,1
fils,1
infern,1
vina,1
editorial,1
packet,1
straightforward,1
accomplished,1
Sandra,1
Em,1
bate,1
bod,1
Chris,1
Cartier,1
circulation,1
adolescence,1
hyper,1
pate,1
beaming,1
bumper,1
Latin,1
Ga,1
woody,1
comforter,1
unstuck,1
stocks,1
leafy,1
regardless,1
predict,1
roughhousing,1
extreme,1
flier,1
inspired,1
bury,1
unwelcome,1
sane,1
Matthew,1
Ethan,1
holt,1
fabes,1
vives,1
basso,1
Amedeo,1
Harvey,1
axle,1
Mitch,1
permanent,1
hired,1
collectivist,1
erased,1
fabric,1
inevitable,1
millions,1
million,1
expression,1
medieval,1
Page,1
information,1
smalls,1
yoy,1
social,1
torero,1
pau,1
trine,1
pes,1
automatically,1
Nan,1
rattles,1
brute,1
pud,1
stuffing,1
ananas,1
fam,1
rane,1
carr,1
goody,1
dunny,1
vote,1
gallery,1
marrier,1
reuse,1
filth,1
fussy,1
keel,1
puncture,1
major,1
glance,1
yahoo,1
county,1
tasting,1
strangling,1
risen,1
runaway,1
astronaut,1
laying,1
illustration,1
fortune,1
finder,1
haft,1
chott,1
drumming,1
muff,1
folded,1
winding,1
battlefield,1
hive,1
siglos,1
distingue,1
dictation,1
swimsuit,1
glamorous,1
agreement,1
Jenny,1
slippy,1
sloppy,1
pale,1
slither,1
damping,1
shellfish,1
motorcar,1
hooly,1
keyboard,1
tartana,1
villa,1
munge,1
varan,1
yar,1
Idaho,1
notch,1
rog,1
bousy,1
dissert,1
Gary,1
tendence,1
palma,1
serrano,1
pall,1
luce,1
apert,1
ruin,1
technically,1
invisible,1
slabber,1
smarty,1
unfortunate,1
guarding,1
decayed,1
treatment,1
resist,1
tremble,1
throughout,1
celebrity,1
absolute,1
posterity,1
shea,1
cora,1
paprika,1
benzine,1
Kee,1
cutie,1
mese,1
Roxana,1
dob,1
dye,1
tradition,1
simplified,1
Veronica,1
heavens,1
lotus,1
magnificent,1
unconscious,1
dawn,1
heartbroken,1
whispered,1
staff,1
motoring,1
stretti,1
vitellin,1
flot,1
barabara,1
banner,1
simile,1
teller,1
understanding,1
shedding,1
sniff,1
headache,1
cosy,1
farmyard,1
blinks,1
leap,1
scrub,1
wonky,1
moulded,1
nurser,1
gluey,1
reddy,1
waffle,1
trekker,1
wage,1
hoi,1
divers,1
puissant,1
dawny,1
wary,1
soot,1
Lilian,1
residence,1
superhero,1
deny,1
deserve,1
dive,1
rubbery,1
Jordan,1
chess,1
Asha,1
festival,1
Egypt,1
uncovered,1
seashore,1
African,1
broad,1
strip,1
stereo,1
grid,1
plastics,1
introduction,1
mash,1
tropical,1
geld,1
culotte,1
select,1
brighten,1
slam,1
cran,1
comediant,1
dorado,1
barrer,1
achete,1
quat,1
peachy,1
Jeanette,1
chuck,1
jewel,1
baggy,1
aspirin,1
lagarto,1
Muriel,1
painter,1
examen,1
routine,1
chattering,1
stew,1
false,1
Georgie,1
treading,1
fourteenth,1
recitation,1
prescription,1
digestion,1
canyon,1
monton,1
Bridget,1
consider,1
ponder,1
Bare,1
comfortably,1
rime,1
Dennis,1
rondelle,1
Danish,1
Sabine,1
majo,1
cookout,1
lack,1
logic,1
Doris,1
contaminate,1
buster,1
greeting,1
scend,1
amusement,1
universally,1
multiple,1
degree,1
relevant,1
saleslady,1
lancha,1
liner,1
dele,1
ret,1
spinose,1
giornata,1
colorate,1
rendition,1
lavage,1
tache,1
chitter,1
German,1
exit,1
opera,1
moyo,1
gien,1
searching,1
cadi,1
carina,1
loka,1
Moses,1
messenger,1
Miriam,1
Vadim,1
verso,1
ore,1
gleed,1
farina,1
plot,1
ahum,1
thunderstorm,1
sker,1
sina,1
fir,1
occasion,1
oaky,1
nylon,1
slacking,1
wandering,1
clammy,1
fastener,1
Willy,1
vigil,1
arc,1
floret,1
prickly,1
chaparro,1
swep,1
damp,1
drier,1
reduce,1
mignonne,1
aileron,1
minette,1
armoire,1
rend,1
surf,1
tae,1
photographic,1
rim,1
misty,1
spotlight,1
blo,1
mantle,1
sliced,1
hoarder,1
soggy,1
presser,1
toru,1
aku,1
natation,1
longue,1
serving,1
vegetarian,1
doorway,1
needles,1
napa,1
bloke,1
mew,1
public,1
seventeenth,1
pouch,1
sparkle,1
niece,1
contrary,1
cockle,1
honestly,1
visual,1
facecloth,1
console,1
definite,1
turner,1
imitation,1
catfish,1
soso,1
yed,1
barky,1
joy,1
causing,1
provocative,1
rodeo,1
Rob,1
trin,1
castellan,1
ruff,1
rounding,1
panicked,1
barrel,1
whistling,1
mustache,1
sonny,1
continually,1
mischief,1
palate,1
fillable,1
jut,1
Earl,1
draft,1
ridge,1
represent,1
rebuild,1
stinking,1
Agnes,1
wattle,1
wattling,1
drainage,1
occasionally,1
headless,1
kori,1
tolling,1
televisor,1
rio,1
skinny,1
snakebite,1
fired,1
rotate,1
manually,1
gathering,1
pepperoni,1
update,1
boga,1
pope,1
whitehanded,1
siamang,1
mongoose,1
chucky,1
Van,1
babu,1
gripe,1
hoer,1
husk,1
smelter,1
satan,1
worrying,1
continuation,1
growling,1
Dixie,1
undo,1
bop,1
scratchy,1
drama,1
vigilante,1
shoal,1
misken,1
buttercup,1
bloc,1
rencontre,1
forcement,1
jenny,1
spy,1
yat,1
boiled,1
valve,1
philosophy,1
dinnertime,1
anchored,1
unison,1
sage,1
Guy,1
chaos,1
croche,1
messieurs,1
linge,1
cheerio,1
completement,1
chant,1
mayonnaise,1
morse,1
unique,1
chunk,1
pinkie,1
uncover,1
disappearing,1
flowery,1
quantity,1
compromise,1
topple,1
fading,1
Beatrix,1
coquito,1
barras,1
brutal,1
theat,1
lemony,1
gena,1
mishap,1
adolescent,1
sherry,1
apar,1
sla,1
hopper,1
accidental,1
tornillo,1
cobble,1
pentine,1
roe,1
ducking,1
Danielle,1
purring,1
krasis,1
backup,1
mostly,1
basic,1
triple,1
wrestling,1
Marcel,1
huffy,1
ark,1
sooner,1
harmonica,1
drippy,1
nagging,1
Jeff,1
bail,1
arca,1
rust,1
woon,1
prober,1
shotten,1
smelt,1
grip,1
marinated,1
popular,1
recognizable,1
lighten,1
combination,1
episode,1
arrastre,1
unto,1
fleece,1
cycling,1
Martin,1
Moscow,1
lam,1
hobby,1
geography,1
algebra,1
astronomy,1
crayfish,1
zayat,1
Liz,1
Dion,1
recherche,1
cameraman,1
relaxer,1
urge,1
matins,1
relaxed,1
transcribe,1
awareness,1
Hercules,1
wont,1
training,1
premiere,1
integrate,1
involved,1
toolbox,1
Mazda,1
aloud,1
Emil,1
Karel,1
posting,1
breaker,1
adventurous,1
tester,1
betty,1
bead,1
creepy,1
googly,1
slime,1
mudd,1
sideway,1
sleek,1
bashful,1
prowl,1
prancing,1
fortunately,1
Johan,1
steek,1
technology,1
flowering,1
pigment,1
intonation,1
hoard,1
daggers,1
magpie,1
thieving,1
doubly,1
twerp,1
parlando,1
dop,1
slight,1
disposed,1
mudar,1
subscription,1
buried,1
cutter,1
frequently,1
bookstore,1
tranquil,1
bough,1
teasing,1
deviled,1
platypus,1
pterodactyl,1
Carlo,1
repose,1
mamo,1
yelk,1
pistole,1
tome,1
bookshop,1
giggling,1
doubt,1
clearing,1
karma,1
unequal,1
bloody,1
encyclopedic,1
microscope,1
discharge,1
spawn,1
sheltered,1
smelled,1
detergent,1
greenish,1
rectify,1
mantra,1
blast,1
cramped,1
charging,1
plugged,1
suspicious,1
scooping,1
chinny,1
eject,1
frantically,1
mounted,1
hickory,1
Esmeralda,1
gringo,1
bound,1
roundabout,1
Eva,1
Jackson,1
destruction,1
taps,1
pneumatic,1
concert,1
tallis,1
volata,1
curare,1
finite,1
sputa,1
honeybee,1
sizes,1
reaching,1
courtyard,1
scissor,1
dumb,1
leak,1
environment,1
nipple,1
cuff,1
leek,1
slinger,1
seiner,1
Adin,1
shap,1
spoot,1
thirst,1
Sierra,1
womb,1
scattered,1
chorus,1
uneven,1
habit,1
crisis,1
scribbled,1
sorted,1
meringue,1
heap,1
saxophone,1
lessive,1
dentifrice,1
thermos,1
Vicky,1
oatmeal,1
caracole,1
pinky,1
novel,1
woosh,1
treetop,1
extension,1
accountant,1
sitar,1
sen,1
spoil,1
Joe,1
lioness,1
slug,1
malacon,1
rig,1
sonk,1
prat,1
somma,1
Missouri,1
Mississippi,1
Louisiana,1
Oklahoma,1
Illinois,1
Indiana,1
Vermont,1
Maryland,1
Arizona,1
Georgia,1
Florida,1
Dakota,1
Montana,1
Utah,1
comedy,1
brough,1
reluctant,1
critical,1
headband,1
pilar,1
sup,1
awfu,1
bowls,1
lunged,1
recook,1
helpless,1
jest,1
Werner,1
rame,1
blaze,1
confined,1
taster,1
spiegel,1
backing,1
Fin,1
nappy,1
sunn,1
whata,1
exhaust,1
Jesse,1
figured,1
diet,1
scanning,1
timon,1
trucker,1
humhum,1
mispronounce,1
professor,1
Utrecht,1
teste,1
lone,1
sheriff,1
enemy,1
august,1
girly,1
chilling,1
haired,1
Holly,1
admired,1
Milly,1
dislike,1
leggy,1
leapfrog,1
sighted,1
webbed,1
overcount,1
penny,1
Grace,1
lorry,1
stormy,1
slit,1
nones,1
forced,1
spoke,1
misery,1
saucepan,1
tempting,1
filthy,1
tickly,1
slapping,1
Portuguese,1
momentum,1
hammerhead,1
effect,1
tripping,1
somewhat,1
Stella,1
ville,1
tyre,1
taupe,1
serf,1
dinette,1
macaroni,1
nature,1
cove,1
skittles,1
skittle,1
loaf,1
adhesive,1
knapsack,1
industrious,1
sixpence,1
rye,1
dainty,1
convinced,1
streets,1
barely,1
stuffy,1
defender,1
parados,1
petted,1
excavate,1
digger,1
digs,1
Space,1
rotation,1
airliner,1
shatter,1
pix,1
aswell,1
adapter,1
easiest,1
cancel,1
soka,1
nombril,1
amazed,1
jure,1
possessive,1
Abigail,1
syllable,1
mitten,1
escribe,1
cement,1
unload,1
printed,1
column,1
benefit,1
cess,1
slushy,1
cuddly,1
eyelash,1
construct,1
eyed,1
Jamie,1
Pogo,1
winded,1
socket,1
passion,1
teethe,1
Bat,1
listener,1
hairdresser,1
fingernail,1
infant,1
bedding,1
Cola,1
mitt,1
Yana,1
chosen,1
access,1
Rajah,1
Raja,1
lampad,1
Donne,1
apprise,1
unwrap,1
assemble,1
apartment,1
member,1
fabulous,1
scenery,1
traverse,1
clocher,1
tenant,1
fatigue,1
descend,1
puzzling,1
interview,1
silence,1
bronchitis,1
tinta,1
biga,1
saltant,1
fons,1
secreta,1
veri,1
paco,1
furiosa,1
bumping,1
untwist,1
floaty,1
mile,1
sample,1
inspect,1
value,1
remains,1
reflector,1
exact,1
reflect,1
specks,1
solid,1
reddish,1
Apollo,1
encourage,1
beige,1
powered,1
restock,1
absorb,1
mildly,1
optimal,1
preparation,1
consumption,1
delivery,1
efficient,1
unappetizing,1
typically,1
Kyle,1
harm,1
sheepherder,1
sunrise,1
casual,1
Fernando,1
steaming,1
flirt,1
spool,1
amma,1
correctly,1
verb,1
informal,1
moble,1
watery,1
importantly,1
obey,1
sulk,1
sulky,1
spectacular,1
seine,1
Bern,1
lass,1
trink,1
desperate,1
hunger,1
moaning,1
continued,1
marrying,1
wetting,1
leading,1
unde,1
Stephan,1
Antwerp,1
Jones,1
navel,1
blacksmith,1
filmy,1
bis,1
oft,1
mock,1
bombed,1
demonstrate,1
cheesy,1
bluish,1
sized,1
Malay,1
Indonesian,1
sliver,1
ward,1
axon,1
yalla,1
shelly,1
guider,1
correcting,1
retin,1
colin,1
vera,1
partite,1
ae,1
kitar,1
soree,1
koi,1
bordar,1
anes,1
ting,1
fantasie,1
stele,1
xi,1
recta,1
durant,1
kissy,1
wreck,1
pinched,1
unbend,1
dictator,1
pokey,1
facial,1
web,1
intentionally,1
accidentally,1
mathematics,1
campanero,1
parquet,1
protection,1
nea,1
ling,1
sair,1
humor,1
mallet,1
adopt,1
tara,1
momo,1
cag,1
gourmand,1
Nicholas,1
diligent,1
passive,1
quart,1
flowing,1
bronze,1
engage,1
sewn,1
foam,1
hoped,1
confess,1
chatty,1
funnily,1
tipper,1
workman,1
February,1
allergic,1
interchangeable,1
apparently,1
collector,1
windscreen,1
keen,1
addition,1
slightly,1
props,1
modeling,1
mount,1
broody,1
feminine,1
Herbert,1
Steven,1
genuine,1
fairly,1
result,1
spoiling,1
Heidi,1
bobble,1
reaction,1
timetable,1
clipped,1
hymn,1
headset,1
snapped,1
blaming,1
christening,1
organize,1
hence,1
Ginny,1
ebb,1
punk,1
license,1
capricious,1
pung,1
apparent,1
grassland,1
mignon,1
fourchette,1
urine,1
tod,1
Kevin,1
downtown,1
resistant,1
replay,1
sled,1
Alain,1
doc,1
scratches,1
relieve,1
possession,1
decay,1
ounce,1
unopened,1
drain,1
scanner,1
sacrifice,1
Pop,1
fei,1
bubbling,1
twinkles,1
lagan,1
ikra,1
shin,1
pax,1
sod,1
willed,1
astray,1
hurted,1
Eden,1
mysel,1
murdering,1
fascinated,1
barrier,1
electronic,1
sophisticated,1
electronics,1
known,1
Lear,1
stealth,1
raptor,1
neatly,1
curtsy,1
mould,1
trun,1
hung,1
depart,1
gill,1
motion,1
safely,1
locker,1
instructor,1
rushed,1
considerable,1
caramel,1
stof,1
Pieter,1
Bee,1
portable,1
violinist,1
pleasure,1
transaction,1
quadra,1
jammer,1
Aline,1
vire,1
photoalbum,1
thrilling,1
teedle,1
maraca,1
wong,1
crime,1
browse,1
stature,1
practically,1
ought,1
wretched,1
cluck,1
boon,1
phase,1
researcher,1
formal,1
poppet,1
otherness,1
concerned,1
development,1
tracked,1
gains,1
bearing,1
accurately,1
clinic,1
abnormal,1
roughly,1
indication,1
miniature,1
seamstress,1
ambivalence,1
Lloyd,1
react,1
psychoanalytic,1
richness,1
heroin,1
depth,1
pathetic,1
analysis,1
variable,1
interaction,1
tedious,1
inexperienced,1
aware,1
attachment,1
distribution,1
inaccurate,1
health,1
generalize,1
dual,1
approximately,1
marked,1
measurement,1
psychoanalyst,1
rounded,1
occur,1
monitor,1
distort,1
casal,1
stitching,1
shamrock,1
aam,1
grouchy,1
tez,1
melic,1
kele,1
curioso,1
rel,1
ritual,1
Nepalese,1
Lydia,1
nonsense,1
cloche,1
cursor,1
hourglass,1
practical,1
antennae,1
mornings,1
charcoal,1
experiment,1
tab,1
propaganda,1
thoughtful,1
bony,1
suitable,1
nowadays,1
recent,1
Sheffield,1
restrict,1
atelier,1
pneumatics,1
collected,1
grapefruit,1
cheetah,1
justifiably,1
milky,1
anticipate,1
develop,1
tofu,1
basis,1
carob,1
knap,1
ween,1
poet,1
seg,1
rap,1
destroyer,1
victim,1
cashier,1
Tracy,1
desert,1
praise,1
crap,1
tau,1
dunne,1
warabi,1
sitter,1
toke,1
coincide,1
create,1
putt,1
wavy,1
roun,1
frost,1
machin,1
mouthwash,1
mid,1
taper,1
mansion,1
discount,1
troublesome,1
peaceful,1
warn,1
regulation,1
transferring,1
thingy,1
nutcracker,1
floppy,1
scattering,1
raking,1
returned,1
rutabaga,1
wester,1
behavior,1
errand,1
nutritious,1
ligne,1
voter,1
traverser,1
gazon,1
champ,1
sculpture,1
paon,1
bateaux,1
regrade,1
visiter,1
Adrienne,1
toosh,1
stam,1
reshoot,1
bayed,1
maxima,1
leno,1
Ric,1
lanas,1
udder,1
froze,1
layer,1
sprang,1
Mariana,1
queme,1
tabor,1
yare,1
gene,1
Derek,1
hallelujah,1
outlet,1
pik,1
wrecking,1
crabbing,1
rep,1
tax,1
spending,1
shafted,1
sidder,1
excepting,1
dumpling,1
thou,1
shalt,1
swine,1
seam,1
rapping,1
chill,1
squashy,1
tucking,1
sneaking,1
Laurent,1
Eugene,1
aching,1
bushy,1
policy,1
acceptable,1
standard,1
Maya,1
Jose,1
crumb,1
napping,1
spearing,1
decipher,1
doom,1
emotional,1
overboard,1
sneaky,1
stimulate,1
distraction,1
yaba,1
beany,1
cascabel,1
flexible,1
eggshell,1
coverture,1
hospitable,1
Hilary,1
saver,1
preference,1
evident,1
gali,1
verifier,1
principle,1
unpleasant,1
decently,1
crumble,1
footage,1
fiber,1
snotty,1
toze,1
adventure,1
desperately,1
Diego,1
trend,1
doer,1
sailboat,1
fuzz,1
laundry,1
clothesline,1
madder,1
haunt,1
Chin,1
gag,1
wawa,1
medication,1
programma,1
revenue,1
amuse,1
fiche,1
rite,1
mien,1
liaison,1
tronc,1
tron,1
adore,1
healing,1
contagious,1
checker,1
progress,1
explorer,1
spiny,1
accept,1
tweak,1
wildly,1
dialogue,1
distributed,1
glued,1
greasy,1
serrated,1
ferocious,1
Rex,1
dealt,1
sire,1
darn,1
drat,1
sawed,1
naw,1
lata,1
steed,1
sprong,1
bouw,1
architect,1
zel,1
embolic,1
triangular,1
Steve,1
sett,1
speck,1
bito,1
Safar,1
disgusted,1
pleasant,1
bookworm,1
katar,1
phoo,1
sond,1
jay,1
satin,1
dole,1
faraway,1
hearer,1
Lee,1
necessarily,1
verbal,1
grit,1
cuck,1
dustpan,1
ruche,1
dauphin,1
salon,1
shooter,1
Lise,1
cocoa,1
liege,1
armer,1
tipped,1
Ming,1
pavement,1
firing,1
carapace,1
chateaux,1
smuggling,1
porcelain,1
product,1
heme,1
eel,1
kale,1
lache,1
omelet,1
diva,1
mule,1
khot,1
wicky,1
vulture,1
birdseed,1
squishy,1
bougie,1
riverside,1
uncareful,1
nothingness,1
insult,1
threat,1
curiosity,1
Roberta,1
vend,1
fono,1
scherzi,1
Marco,1
snort,1
snuff,1
alala,1
parade,1
teething,1
slobbery,1
slobber,1
tempt,1
hatch,1
besa,1
accurate,1
rowed,1
fetching,1
fetched,1
tumbled,1
piled,1
identical,1
numbness,1
crank,1
swelling,1
tare,1
fow,1
tarea,1
butte,1
spelt,1
resolver,1
uncarefully,1
temporarily,1
sope,1
basement,1
storage,1
anxious,1
soh,1
account,1
subtle,1
generation,1
snare,1
chewy,1
picuda,1
nursing,1
Danic,1
ann,1
cento,1
Michel,1
viva,1
hazel,1
wrinkle,1
rumbling,1
phonetics,1
economics,1
mural,1
Vanessa,1
Portugal,1
toga,1
plumier,1
zapatero,1
gummed,1
squeaker,1
complicate,1
stair,1
instruction,1
activity,1
insert,1
authentic,1
classic,1
Caca,1
callo,1
disgust,1
goner,1
pint,1
spor,1
taler,1
roed,1
gul,1
korin,1
yatter,1
kuruma,1
nar,1
Thai,1
cloak,1
jig,1
copier,1
cheering,1
arch,1
daylight,1
Nepal,1
winking,1
begun,1
cauliflower,1
vibrate,1
weakly,1
jewelry,1
jangle,1
particularly,1
soph,1
beet,1
Mexican,1
included,1
shove,1
hail,1
labial,1
playhouse,1
yeast,1
horoscope,1
silently,1
thus,1
grunt,1
destination,1
betrayal,1
blessed,1
graceful,1
intelligent,1
pricked,1
deeply,1
drumstick,1
responsible,1
alrighty,1
compete,1
intervene,1
bloodshed,1
mutual,1
warfare,1
zone,1
majority,1
professional,1
manual,1
clingy,1
moss,1
guava,1
Mario,1
plash,1
loss,1
tartan,1
Rosalind,1
birl,1
yas,1
smothering,1
worth,1
gravy,1
reckon,1
roband,1
scribbling,1
unguarded,1
orangey,1
circled,1
samurai,1
Denmark,1
nete,1
fore,1
chilled,1
consist,1
plunge,1
whatsoever,1
Sid,1
swum,1
truly,1
tailed,1
bitterly,1
freed,1
wriggle,1
haul,1
scooped,1
offering,1
sailed,1
willing,1
alcohol,1
embarrassed,1
whoever,1
nay,1
crowdy,1
received,1
shucks,1
swear,1
creamy,1
trusting,1
looker,1
swordfish,1
dungeon,1
strapped,1
protector,1
disguising,1
clockwise,1
wishing,1
faint,1
schedule,1
moulin,1
Rafael,1
effort,1
lever,1
Roger,1
trail,1
creeping,1
squealing,1
legitimate,1
tending,1
sugared,1
starter,1
roasting,1
frisky,1
tragedy,1
organizer,1
teatime,1
central,1
paha,1
chaka,1
vat,1
dangling,1
responsibility,1
transportation,1
somehow,1
Tang,1
Filipino,1
heeled,1
Jaqueline,1
tost,1
rand,1
Jonathan,1
tush,1
rag,1
lac,1
servant,1
scald,1
manic,1
score,1
distracted,1
removed,1
firework,1
awkward,1
calculation,1
isabelita,1
lori,1
lecher,1
policewoman,1
postbox,1
twisting,1
basin,1
password,1
oily,1
